14.13472514173469379045725198356247027078425711569924317568556746014996
21.02203963877155499262847959389690277733434052490278175462952040358760
25.01085758014568876321379099256282181865954967255799667249654200674509
30.42487612585951321031189753058409132018156002371544018096214603699333
32.93506158773918969066236896407490348881271560351703900928000344078482
37.58617815882567125721776348070533282140559735083079321833300111362215
40.91871901214749518739812691463325439572616596277727953616130366725328
43.32707328091499951949612216540680578264566837183687144687889368552109
48.00515088116715972794247274942751604168684400114442511777531251981409
49.77383247767230218191678467856372405772317829967666210078195575043351
52.97032147771446064414729660888099006382501788882122477990074814031756
56.44624769706339480436775947670612755278226447171663184545096984395848
59.34704400260235307965364867499221903109877280646666969812245175474680
60.83177852460980984425990182452400380291009045121917825710134882480849
65.11254404808160666087505425318370502934814929516672240596650108667534
67.07981052949417371447882889652221677010714495174555887419666955169490
69.54640171117397925292685752655473844301247420960251015732453999966339
72.06715767448190758252210796982616839048090662145669708668330615148841
75.70469069908393316832691676203034592281190353069740030164777530157420
77.14484006887480537268266485630463701579603244923446104176523145315114
79.33737502024936792276359287711622819061324674312003087843872049710154
82.91038085408603018316483749477060949750888059378214914657130628323593
84.73549298051705010573531120682774141710662793424081870273552968904527
87.42527461312522940653166785091921325217188640126902818645555793843969
88.80911120763446542368234807950937839544489340981867504219987161881401
92.49189927055848429625972524181068487872179402773064617509675048918103
94.65134404051988696659792581520815393772802701565485201959247427451348
95.87063422824530975874102921924678169525646122498799842052928165165111
98.83119421819369223332442013862232782065803906342819610281932172756555
101.3178510057313912287854479402923089063328663843008947999283187152301
103.7255380404783394163984081086952808344811730694957645198851657940365
105.4466230523260944936708324141118089972827539285351384805694471141815
107.1686111842764075151233519630861912134767078814047652792647104215524
111.0295355431696745246564503099443504153459683900730568461907947655055
111.8746591769926370856120787167705949603117498733858738166194196196908
114.3202209154527127658909372761910798099176577238298922877284310413063
116.2266803208575543821608043120647551273298512323832202838626423114747
118.7907828659762173229791397026998243473062105928093827841937165141991
121.3701250024206459189455329704999227230013106317287423025751326357346
122.9468292935525882008174603307700164962143898738635172119500349152885
124.2568185543457671847320079661299244415735387746935611403550769139591
127.5166838795964951242793237669060762680883098815549824827997793006824
129.5787041999560509857680339061799736086409532646594310304708399988609
131.0876885309326567235663724615013490592035475029750453831399244077748
133.4977372029975864501304920426406076649741749439046750151022588551630
134.7565097533738713313260641571697361783960686136471644169760931735484
138.1160420545334432001915551902824478598352746241462356853448285686502
139.7362089521213889504500465233824608467900525653826030813701354109039
141.1237074040211237619403538184753550903006608797476200321046650959661
143.1118458076206327394051238689139299662331024303546325485985229572807
146.0009824867655185474025075964246824289757412330958036369768849665858
147.4227653425596020495211850104315061687727752504768306010104608127382
150.0535204207848803514324672369593706230373215595282004484291112750626
150.9252576122414667618525246783056276024267704729967177003113549533632
153.0246938111988961982565442551854465085904349041455066751997675637946
156.1129092942378675697501893101691947465353085009429208038560781583943
157.5975918175940598875305031584987657307238995191417335382496176097856
158.8499881714204987241749947755402714143350830494269662577241834115455
161.1889641375960275194373441293695543649157903274754665791880937941189
163.0307096871819872433110390006879948969644614164776831152095916959018
165.5370691879004188300389193548747973283672517450686044789531546055804
167.1844399781745134409577562462103787364607692426167673611069934354090
169.0945154155688214895058711814318347966676485804416250873821491218823
169.9119764794116989666998435958217922883944371253413730185414416078008
173.4115365195915529598461186493455952541560660634201179336822853915311
174.7541915233657258133787624558669179387557176205716634456115474378997
176.4414342977104188888926410578609335281184971088097153476126157862569
178.3774077760999772858309354141844261831323614612725037014890408037488
179.9164840202569961393400366120512374536876075530184065413006706538174
182.2070784843664619154070372269877986907974577782399087666300645401878
184.8744678483875088009606466172342584133510229119506677731786446807014
185.5987836777074714665277042683926466129347176495132830889197962303851
187.2289225835018519916415405861312430168107346039903191514642031637338
189.4161586560169370848522890998453244913571030231933543554199421771060
192.0266563607137865472836314255834301058399202979770969162891234322102
193.0797266038457040474022057943760546040206158105488601385043558308844
195.2653966795292353214631878148622509269050524522869240601109766321844
196.8764818409583169486222639146962077357460286919422154828231731816320
198.0153096762519124249199187022088671550626954385709967215348015942393
201.2647519437037887330161334275481732224028636391867340806327197995196
202.4935945141405342776866606378643158210202448994200539090691542851163
204.1896718031045543307164383863136851365345292287419073509596802173992
205.3946972021632860252123793906930909237229147720484070021340954171464
207.9062588878062098615019679077536442686594037688839998586575275099287
209.5765097168562598528356442898867521753907831813261624689774533462048
211.6908625953653075639074867307192942533940309829356437362100148207771
213.3479193597126661906391220210726088218971832766330690598537045853660
214.5470447834914232229442010725906910455998880530830764000816199190407
216.1695385082637002658695633544981285754537142741641109763761505659410
219.0675963490213789856772565904372412451491829270113513735578749932379
220.7149188393140033691155926339063396567611450776619657016119320408257
221.4307055546933387320974751192760779502223310773199093794199515137873
224.0070002546043352117288755285048953560859899495955297629503606823345
224.9833246695822875037825236805286567720900544855874269884777525472057
227.4214442796792913104614361606596399639691483219766283648938200823897
229.3374133055253481077600833060557400827523413878185175326364924843562
231.2501887004991647738061867700103726067084958431233714068060303441400
231.9872352531802486037716685391978622054198339945624964847268238968308
233.6934041789083006407044947325697881795372277545658363630148087389402
236.5242296658162058024755079556629786895294952121891237009189609878192
237.7698204809252040032366259263871077941606193521160613068314418805550
239.5554775733276287402689320343344924817083183267061622313512084297539
241.0491577962165864128379214103356705496456828447220938453198673641285
242.8232719342226000168264744588785499539405437676149323831693082575287
244.0708984970781582368165279898445013471001907167703274568696407749226
247.1369900748974994675509681792081322678646420096271811990154300001361
248.1019900601484592567621420846569973558103812584433191621944824111581
249.5736896447072091923297941887399703426111306826707392088994942266529
251.0149477950160011429541551037080481523267828315366461406531434635549
253.0699867479994771945990137856180909300871502496449734979183399875051
255.3062564549140227530864917940014231579100328149634187240983440069943
256.3807136944344777893583823397295308712166523900327496495530601782274
258.6104394915313682089830586447591316321944062849900858933504596262990
259.8744069896780003506728446138765926661984814645702182272247269985055
260.8050845045968701859312334724645480349389538724254999334599748651406
263.5738939048701322330815881310233031703142194369938952839723013987322
265.5578518388763202924773089641849146410049861524847538189722214347286
266.6149737815010724957201129738679118066359571871701135341288744645978
267.9219150828240594403789671721856183742925681432827237930168175823254
269.9704490239976025946935053188984796629269052880563081538015745120456
271.4940556416449990181794167575228506935435195629904894646334008707556
273.4596091884032870457142502988017729228400996770935242890788953884641
275.5874926493438412487407026193777848264475285972284313062840970587902
276.4520495031329386798873436383992419480799666809988619852073123318804
278.2507435298419544927482767113162589261179006558867409519030470703247
279.2292509277451892284098804519553592834926374055612935947270093713273
282.4651147650520962330272011865010242055068362803458173593362143154107
283.2111857332338674204938379433289382984556848789586339452455224472395
284.8359639809047241331576339226962164631428279283119180896135431963003
286.6674453630028842928476241464149393438682262827778079774807533704181
287.9119205014221871552541202718675103854614194405706585451090262352756
289.5798549292188341527380235693523438896694983629425506965314403955489
291.8462913290673958355130544246385118828206355999821355456918257742959
293.5584341393562853567766971060350773437988343564709539283129209985692
294.9653696192655421750664486390096713430554458825506162234466499355121
295.5732548789582923884608314587786106372851571106302226643887919847630
297.9792770619434152099296829576828341810570971897989125018704723879460
299.8403260537213129600270525252937692542155700643429835609888756287818
301.6493254621941836234701002084179820811056100935232946172922740696808
302.6967495896069170517514770953529227629358204116814979441703373179985
304.8643713408572977001487499031444995925869458382419460603898577963855
305.7289126020368092892228212616609672569631595790823756315636025561067
307.2194961281700547894100333999345022674338482784228390897050714445783
310.1094631467018988047862197679989458347630131815328864783762523111189
311.1651415303560032709426708003548198991888049397038686244659142440835
312.4278011806008919804859830928742637628539400931529185079528355169101
313.9852857311589229790489657545763285680249815751541660300997804480506
315.4756160894757338685960781439537653357746976309896447059755587548758
317.7348059423701803956454942049681140152427405851479514484590875742962
318.8531042563165979066891845477491822030131024108853847068613780460260
321.1601343091135782919214714174306940297526627982922748382011805299332
322.1445586724829322988374450059885492603719802086144653948039863104034
323.4669695575120505062120304147951633567630871776945615656301938594786
324.8628660517396132649800869954004099198045210515331918057819497379802
327.4439012619054573434692638163207033566943482557319518745702164355094
329.0330716804809340336147275768039462036928256044214365466852316723286
329.9532397282338663438921221886314660583239216389489575391317605677111
331.4744675826634243756617538663448279232176003135119026934491465091537
333.6453785248698505849616830808794253808678264358918016145209524735907
334.2113548332443832324034079591924931541872770220014207220864647202037
336.8418504283906847946547629194118860072083685606284342220406302057737
338.3399928508066118862573260871632033909176435633470984759368202250461
339.8582167253635401923265509308739971831970442497694933054267133325402
341.0422611110465604825977845985369171873376474707372276085850636924678
342.0548775103635854514038250940980567151869306653954857775442116776774
344.6617029402523370441811880981991857827152424028149285132872771496674
346.3478705660099473959364598161519338981967354434628998677339718656050
347.2726775844204844757970948880699796760809284568555738032254756216951
349.3162608706961441231555557339937213360889055622388562616945534668550
350.4084193491920991876719532344872344696458736643310225421271428964063
351.8786490253592804367133930765969327299303196695854376618955973581311
353.4889004887188067836037686094353184133432651298926331473783030482664
356.0175749772649473179603619607664426757144455471938735394356567382239
357.1513022520396248096029282322903566117570811851179459374966363636690
357.9526851016322737551289189827774428234663847141383036423990544692009
359.7437549531144487992919859769902954053737457612974318680727123072157
361.2893616958046503902913112277152281908759416379958331525113126450560
363.3313305789738347473344495666147312700352457587547291133896384048671
364.7360241140889937162621021269404000172023003056899668333074619683989
366.2127102883313168610771451968065741791093753798606134952233588216240
367.9935754817403033261832980442078463990248820185165458645024749307036
368.9684380957343898915769012998919106381944137807110116946614251804733
370.0509192121060003396511630612666114224665939337687329815250049709285
373.0619283721128384491193964312853919029417727423128019637113491853331
373.8648739109085697447563627336594609496785079222636118213460474809123
375.8259127667393341079077141466930257529296666743552032021670294307139
376.3240922306680521171908196124275796129620266849760870775656942394188
378.4366802499654797240909659132035205563165309387578428883037380299750
379.8729753465323466510240596904462715681091569680418565825581226548886
381.4844686171865249196625224236573953657991983850425874641695806866520
383.4435294495364877043457554807225369041993110565089568216000228430836
384.9561168148636871037515842087935133902709291501235425740601032010788
385.8613008459742291805619593598032576156118065610182590224335267947892
387.2228902223879809759485147381098140909640392967067843622395812052339
388.8461283542322546008094203003735580573554058579381614585952827262985
391.4560835636380457705782281225541347722258701140723162605379856417223
392.2450833395190967490151841709928805623621884451367419110641067520206
393.4277438444340259366989529201288699204929289203455465703439353585103
395.5828700109937209708777113231416421360702439103567839924117372315221
396.3818542225921869319994544917305290637615996881021233435172895814827
397.9187362096142433869811797107986838044834012911820622459029271077258
399.9851198761948995059172998682896457706389099613931280089378617723042
401.8392286005332165399113043782872307264004003932594959901243749095286
402.8619177638861141763154430960396346968940414771052450109007428604907
404.2364418002080047402277995635276901961405867520480836983086403092271
405.1343874599099272574862680254167361627560584770203153390414192187691
407.5814603868961820763090011813905376405061449745096807792634629402554
408.9472455023511125196340397641579017956228917491911145520298200225441
410.5138691933666386467691052848671877896927072982703514640609026560630
411.9722678042787506646402985072729174075391250852942828546746487446004
413.2627360701850468862570593177290908706485585111708956734732166232034
415.0188097551551156463192114628172215098815107035936631185258041486122
415.4552149962945988571287824866698249316930172079539580419901748166549
418.3877057895347792260457230995547988241724091779246944852076203811655
419.8613648181523236878523091383828173933301690160615829575489773787480
420.6438276250417862679746529850004807024575190217891369002499813481673
422.0767100588267596298406654493813752742459181757779026020026414660065
423.7165796274818186105628747317660741892627935203699366424578907754287
425.0698824944613476143746926491564313421041573038894290685679046286068
427.2088250840745805281429338857115983851914938064005079889123188737184
428.1279140766166821103050684863181593092609387757059590911141417877161
430.3287454309386366699269815418548626841535052931512869266014146883713
431.3013069307035920195051219275556810535188269161207184442166499808890
432.1386417345885683062532491089527169051394883350037350604201796762484
433.8892184809272253029466110507929024488762246241606722270148339956227
436.1610064326469840718015182623780379898712511634091397170183308285806
437.5816981676685811540131672333254594987901417883274662553827758519199
438.6217386562721962909150101371703956297830981123319542792637832505692
439.9184422143706564102217900270240392808328161895293052416939367114283
441.6831992011890238742044364991679930714193236470244422851691337819702
442.9045463026094494697231024127662020660871362661315095401479585212449
444.3193362775591559203057435397906209455873176446522684965700112005372
446.8606226964295225288608751807467431376816488206461817808877816060980
447.4417041944932900655269253036091597304806963688752113728403905766555
449.1485456850233047530235031347046500033357456480592956571627662168785
450.1269457803135240300457625287817055143907653968445998801083674786316
451.4033084453887954621132246313588112042099737478604558238292515951325
453.9867378066779160383668102940048583722412109712298887389848530501892
454.9746837686167888753094389512709459269949012972986344576273642805199
456.3284266892460512244998300630554834984574853181660132762067270830027
457.9038930641029715746993291717876450448952123069538097155787439431030
459.5134152811060117540099438020414053836133088527316055836796517363996
460.0879444221758412553302554282065462455235537778690136589767851269120
462.0653672748825309638309211456184620432278175540016403594801500468518
464.0572869105482845762460847836666759158326832884072584984967920487340
465.6715392113710945529666457439955288514947620585415724938215547844229
466.5702869308262551673921259522644120910202841789388069444195435164040
467.4390462102616388566450013844468423201725247116421231575429876371202
469.5360045591120321918190688291231656780034355662591509081021799282244
470.7736554781016476901188794544363535409288505091005510817557960587886
472.7991746619088166582979926817700031969730597548113646047006536982471
473.8352323451396870738054680233830436906615988550266960503324072290187
475.6003393693757856054288199236799250624055188122579567818527677097613
476.7690152374845208528486891954683119208876147843388686352587655114019
478.0752637666709691998727274049095143198804288048791501394211137162902
478.9421815346348265383171017670384840219042431096018955317442231968000
481.8303393762865613666813762850975980902030039193406975121798314665121
482.8347827909823973065569966763216464686967441687771079470219724593992
483.8514272124825375601882210846681276888895869665367017192141120671149
485.5391481293560069300254236580821172608064717497631543609760645865957
486.5287182616512443523675262699414994362279235223054021690829000852861
488.3805670900174485271114306648119221917671884604174263239785485366196
489.6617615779561315127809041749771049741692726839195108843590673638645
491.3988215936630065692133310085391280176338475247298966412947917403403
493.3144415817853009363606040432270822346867591725733552331941669527625
493.9579978053694649095830912868851519854124679883775233799364480181257
495.3588288221312774968341327371705982626412473979766525706478447507159
496.4296962157591034839189128160730204362200110113463451665029253402449
498.5807824296865420166750829124879051615614763330537666566234920510798
500.3090849416904955393093907251714464727048703696477708761820178599251
501.6044469651454776633325457628511745334193865509914446383032855458846
502.2762703271182331753995073338853425486517078388515620789363011197124
504.4997733134277371837912622283613891551488170669189554882785519796478
505.4152317422444420295521661092828553381144965130467259442211990287922
506.4641527095235312215260747806452307392696266923315448289620754840672
508.8007003364678208094696725081919993377055879971635072956548655553044
510.2642279436728344207795176547349251301712579292975577223957828916651
511.5622897003745954604549044865991255703126837090133156438080176514273
512.6231445314074186671012549434810340696111316815442286414527822993329
513.6689855554736834362441464179261088279518932101240154184767849152403
515.4350571672993772496768936729573107081880707594390408670826405395159
517.5896685724674253413579652869405488327920580070468410155375235209104
518.2342231475501435738582743734798206690624362874126022730811881636557
520.1063104117232559031961461342618580756224417242936150757517533529297
521.5251934494920409677323981631941412037869991380407444881784835589980
522.4566961777302104301444133225125081375879779338787693999967380262605
523.9605308920158404870075094809721025339642372281127116263276564128213
525.0773856872796221805912176301380448888493474841637838009715515475907
527.9036416012723452296172680711541204258584454830887052872969750756843
528.4062138522926589416088966473836426626831574106993451944416589751922
529.8062263187069007981639833015648293570416892424157507599898188353473
530.8669178839610896443874345148560701761107642405437011647056739485747
532.6881830282937305051264455691435684763102859886714032540813005162045
533.7796307537687325654825460231354727219181193602596665427539454953692
535.6643140758732246170461231822747146814444989450627835847086777973310
537.0697590831223275883897377535822680387266363867807336949838333094466
538.4285261762479628435009552397815667706387013592611445943858470991989
540.2131663762281333836456689899633509530240351819000097422677635084963
540.6313902472951173601280775991759340270480484546508683420653830601563
541.8474371212012815471191135089067366934151217531362918815149610894818
544.3238901010052629031213087557608362045030422788811584555272286678609
545.6368332489348182548554397944220515668303321352026563753590191593439
547.0109120581222924636558817931250716642595039148346574722958399845066
547.9316133644893383104511594261455575254387856862583185492927651555719
549.4975675626613784599847338797735699636243165581983859719848833775003
550.9700100394838890456572340569938864736303083838976872826677725672978
552.0495722005648927925767025455695696804273669079461933061000563210199
553.7649721191588146171497825920935557112036942525994871810912245024112
555.7920205616825084165732214853551893266975692007843190396446368227846
556.8994764068553512619642186561463744726163206157198628206778721467290
557.5646591720585284085239898743312777888183550324380946664861911446403
559.3162370286821637609351422402057889715675462279734989916163384582726
560.2408074972956682417932763588605198265861769182696357202339896205841
562.5592076160458511081379166953245362396410219587845221278352223152833
564.1608791107861178138795335004065286639356707397358788568576456345794
564.5060559381498351222459689389768405769101460905025944477899176750426
566.6987876828079562415122806672407263184360841829383481062322804756576
567.7317579011769374503347304935750646417994098954363666273434588090344
568.9239551796293684967534874168661517305692672058451213870454386997105
570.0511147824635920385270166013278688405116228028523895817413509173894
572.4199841324527640452769271073468621494904472556764949941958314045530
573.6146105267581299872460321096433009372268955953460264083800407811683
575.0938860144948856074571722821982078525842416128132366540682235192704
575.8072471409287807094293328944304438530370211159636572483196716578187
577.0390034720982112166370896877391892967593675792452559496388870925782
579.0988346720366074312843643289211001480335260569362142472696192535722
580.1369593623846286727162763480332000091685124531054084240717998369534
581.9465762659016255515061145447239567325105631265863771609095173471021
583.2360882191672782619605736494856620973896260695754667066801219852948
584.5617059034655283669458933934544668492262988745066830999851484148343
585.9845632049883005741872589855889908382940603005188425326814336077303
586.7427718912501556447718450873452208747120650651238796521856849512059
588.1396632662479564175542352704907852914657791841458356280738897145772
590.6603975167652756310320033102742748607780169122220301250303726326158
591.7258580650480566492224464727405581310046200372774611441934983248503
592.5713583002255698207727161203164743040651228125424481199919285492111
593.9747146822310292438051745093816262202033130469287889516332049893823
595.7281536973889491770209207328678044226635443999573214545342745564932
596.3627683283936840895790970704623562038409026126623159831922672421338
598.4930773461647544010635829361100508373840350793091153358930320780218
599.5456403643648539975153951444454102922072079692266451941894720356639
601.6021367359326360517381075959685084746646526170391179382042508977167
602.5791678863873542988227245428378184579544330231905812311569293007259
603.6256189035791606722439668574515542055260068273588801388067906387348
604.6162184937532329146396027886492375358110927557542460315149181865162
606.3834604221090410886743112398837452138691477048368556222286793384787
608.4132173111873251751267237571796712431902527279680052448065340578880
609.3895751547200805273238795478987678479711335164053877433710221679416
610.8391629377394069267025377677788327119041980908962280919078964855170
611.7742096208872046351683619726569669044785302977714968593519472634827
613.5997786756371194051864561859143033969164209055278595589426189367911
614.6462378722326215255530839876192350523025682612368424979747142203937
615.5385633694070278534742658956994743899713473545245792876851489671622
618.1128313664423733825402270245809263632634162053510905205423226248276
619.1844825979536342490281464243118123940438476569260765736285391988775
620.2728936722275219190855725947928964013973689586421821595519109524784
621.7092945279486229572986330608483718565110277500936218995146928331273
622.3750027397790092178815437791235226710345925267442965730261848387456
624.2699000181778808347729470387499738705369717175612474019612882429968
626.0192834276543821983362174058955599554267547236844184577450672156930
627.2683968507830207519976455963832975694997877342629621845830548345643
628.3258623594603619359438156651215358396159383165381467230942487763463
630.4738874382920458706065867763485498501039882690803294414793115133445
630.8057809271975326418717252481468868339872966895142610448413095113430
632.2251411671159519521547059296104684572850875387903633020932391734990
633.5468582522517774841971334587824592878743176371903772001185441788815
635.5238003106054538105255817511178906057917934070971917101159913964160
637.3971931598373071737480742879294782583276665776969413704893391718837
637.9255139808225810934288397165238950757165376988885958874950274710993
638.9279382668567701937726909213718621920993383850806115559504113664264
640.6947946688256676231875384986977952089734686153181804901102888576020
641.9454996657052945453785385532174111105338042769501681102896990000119
643.2788837813978893611433628033571052195160797961008852505802551713827
644.9905782297480025124437123246992586259388082118290481611909717812516
646.3481915955015920338809416216623765380938628622691263070795977024288
647.7617530042888837937668089522488501120481233185342286984802827286107
648.7864008887824407710801337694745983596301837538751197210809422270019
650.1975193452564590832538975923563235259593667887350082313469169454585
650.6686838913959825305606330546754916218259933615201404928267279375188
653.6495716053946919020868649594493271571138917368654610072077284908771
654.3019205863193422754706163229817421251126323183434448996040250739357
655.7094630223556363160267427503958042888772079409505035832876808432580
656.9640845994606174228698965857639277925683384798933001373795474196122
658.1756144186053997448798079092766458149471303611055684817773396975328
659.6638459729641078311651821460236355644041256150454173861141216599480
660.7167325952792700521588812518146850471600825277063347343836755724760
662.2965864311004106443782663918056390286198083601637407002339028337265
664.2446046522730134498902572614377278701879703954689453000428769489774
665.3427630955990405427881697925160182302373986082084970290987586569686
666.5151477041729605487750958192320428225976913154308152292814668980376
667.1484948945554299410692132745327359495003733906044424531602968863303
668.9758488202351314061922796622634288949080284765872837469261200953364
670.3235852058625840344295533172217584499111449513648677695378687392922
672.4581835841697341813650863351780057639051060231949012642177331540097
673.0435782861476457701310406513206000102613976045719337117360589637512
674.3558978101231678961563201060879009985466540591549265215998267692206
676.1396743636267482031781357143434305252539590508112150724667544784012
677.2301806687639732478547995696129323010906177581551427223780136911121
677.8004447462213349189387573932694714798229476847348163948951323182686
679.7421978825282177195259389112699953456135514159006657181556611898657
681.8949915331518891094524110813676572785628747535676515014118650284288
682.6027350197505454875408366448711890959347581415633118515070929345834
684.0135498138695052361941279587945196166636740231345865356057396114124
684.9726298620984525457366617383444132491921417468785373636514111252782
686.1632235877279496034730067113885153934335592524256274206821900541401
687.9615431847036484827963374896850355277617992654951579223298299622437
689.3689413622723684232551928251725509009178325292804174275151852530163
690.4747350323503976939430894539029717296733470969352167288479866508065
692.4516844155208488498466523650592814302625701053740028804438732742323
693.1769700606018248456230975080931819507129861193397669132041461155902
694.5339086998731400156307045419322244287006641721657633886653013561570
695.7263359209267301678014282277293398930253552703567738349057705102539
696.6260699003456149709028185195611050569366108662284525967447574487043
699.1320954760135067108161695879511643127669861970225474974561598251228
700.2967391321434945680121498441102318192168349885565234309052484167292
701.3017429546461556851739140394757438996196373505236195095637401725377
702.2273431457605001194353198103374079756447995208795031682084148652555
704.0338392955253093226530722958260039567271041044114046046564262688378
705.1258139546192276668674794394391429219986615548362239135108604115815
706.1846547995179190258109850160010872721132171933049982045659824178467
708.2690708851098999952690286396296491089709362699466840246940632216741
709.2295885702843007090346933035619523511751686726000586229444022320287
711.1302741796854315654748563903775977821925981610435919376862407791823
711.9002899143753120389150790532116044380003781649476080940711142182981
712.7493834701012902546105743672214999289924623663907807512855049481798
714.0827718206693930769245271659682672645407211597256949163344135009242
716.1123964540521101481820264759308803733066291079199117391001160261795
717.4825697031001907144418975793226977666341639703240626412528355507360
718.7427865454858939884491826849093718650484968044905903690149636240623
719.6971009883656651326909608975887306013403354144388503906252741885360
721.3511622185364171283861586963583429951943719888733027207307587065225
722.2775049756742373403761436601858125358697720616377397750388542571587
723.8458210451284155116719224036801895288105671661968526615836682778965
724.5626138903790795922462167714048513283601101229965159314970616525787
727.0564032300493816176484052778908547699431822087409707365521601112481
728.4054815889340600347443552329310256047873916111261088283995396342633
728.7587497956142685661306322733904860822472201406424279394386837407197
730.4164821227564347099440393543578466815454819675621591321501533414194
731.4173549185985250807493569602953020102425405372448327115527994688387
732.8180527144998492085675268877710173064980865827464816958636672581602
734.7896432523779942523125100034045480269960853222495727717941801291959
735.7654592085783210769321888052322980023932745688144558052008452472916
737.0529289122653080423105408769888194233587336940964372003936530978629
738.5804211713738225217054480917100442744900401008867206859704412855621
739.9095236740419440297009593878332515204296151062362004210082415516744
740.5738074472950105150359715971530713246649854054611948955598789193759
741.7573355729416732758611620027917081786788900380979614293502478654972
743.8950131424736593815501491978661352871504090996734623914848091852461
745.3449895506118743256405484835926302084400558341798773198357688673623
746.4993058994323295096050066186273798779676199763698313652104390995180
747.6745636242695283595693678729526649630433100168266388927838710853076
748.2427544650845478685032946989341215482362441674042698294988169614047
750.6559503621242998668074383702946266550683870062652388808934908442853
750.9663810666508372684584196954287854227862412909191242107045255822206
752.8876215672023747495077050031265589404171068961750552733499332998352
754.3223704717126726851030862505928143318041481116133656631083482726221
755.8393089760378298727924403700043879568033383942254473912031756101020
756.7682484399509307201332102347440342886600511991152919858173881317396
758.1017292464125834114897682910439904201685579659422764880802602539568
758.9002382248923747674353929054097564823612180336251570845313054549721
760.2823669835120645318696008621036996769860327153876953539441306527889
762.7000332496910547280689999085766531655086463149879321464054423557247
763.5930661728372229969732471726643525444176077985911658972764859997039
764.3075227241802217362512258255529837254657080708051425327289895893252
766.0875400998362053944224648269211253503997471980630058705299469720312
767.2184721555395140824994101624042648771724861213858289530011555090927
768.2814618065092308234566650262148983278438040563600723743952582524331
769.6934072526244243250066549104190546809066595209522296391578335554617
771.0708393136783163211872219161192892494852384724220006388085424347218
772.9616175657570243378291659452684096708419036485671573625696901439987
774.1177446279405074021419093965571889946487430569237012925465120029249
775.0478470965805080500169929692055606518162999991490756857004049941099
775.9997119631714424777315826030311980589672465659666541689901000014466
777.2997485295925648165109770628749904340678302348469500278216106878557
779.1570769491890040639245377421199240695199532843846718749856010868444
780.3489250041816705381277835507949869521751802878063742342948802100309
782.1376643908120947543176873277865651751334937147270099256078003524697
782.5979439460735398661665057440929308298973777486838939715761741565467
784.2888226124655014631460996657758202878745554382808312949527073200542
785.7390897007150518406461877690786943018416507364819780244430870685670
786.4611474505062774598967874968784726833296965893366169608710103310252
787.4684638159100383814734996230300369640051173600739284500324123657334
790.0590923641195642949460032546819337543902570914035204677714585822604
790.8316204679210350190829313947982637224527779057020874321327491859235
792.4277076086045268663910701891214127956080021575341479835741146226228
792.8886525626225880422427532063530827860524952191537518502703697580741
794.4837918698931644813183752774461914190553029493126840918151547285910
795.6065961561624126279125580477651131218225783150963672076253194731075
797.2634700380355849161917045774173894746732756319514068119093908411848
798.7075701662962113096919534217282742101517705501196721861999802730527
799.6543362108976327728268906635375367826388158572041324424923713862682
801.6042464629820559666766161424372984839938314263873385611599250868585
802.5419848784181496624171410589680861263306715767119913848917210732259
803.2430962042701941902262290538203014260725522931696490402698814509466
804.7622391126617639515957839630378364378895441534575352602139889142845
805.8616356670948028368031915427265304326892551615302332281367475368398
808.1518149359937473923558585809423471962475758876650488946454559084619
809.1977833633007103877196047950183957500845467501961073322560098136238
810.0818048864070998915247299014713895479007917657797051895013188880407
811.1843588465062603378843274648800220770345396309940477039064906266726
812.7711083891093427198012886623248440905464632053855373778757809905450
814.0459136075109935019676007807201737932994001373455280486623300537752
814.8705396258725677840196869567854134266570546908545228292954112685200
816.7277377143947163165025748377240914351567832033862386899991258645485
818.3806688663616765115867750263053481087180806415320474528530859410718
819.2046421708238626058240388463376495499276190726535603664247089396145
820.7218984438692874664310218234591910171127839383699476238124827325182
821.7134541333794018098760344649677261230396404995102818141491741607088
822.1977574934042771435818555860501844193151340092368384814105627984842
824.5262938716297481637664849284594397265791929417637672111520718251334
826.0392873765743835480141635332204202663631849653562663406618161772217
826.9058109540807719796644509134941379920938463215759541736920400590372
828.3401743004899003705042150759218369303215603014212623048430682134341
829.4370109683093336230475914923186095013042142230168520814489833744397
830.8958840533174007300786176111416203111348662694134232356253877750085
831.7997776590705830743246083728402449437421628952982347545592178924610
833.0036409091541995383112542079931934210971439029637362750295009008190
834.6519151478255758073453398760137774166090579772743305362123794883534
836.6935761875918671688703407591464620759362869428054070769318739334682
837.3473350595315147674864163157214714454593880328751456384486529342737
838.2490219927321458365470959116261341279400322685466348260467730795772
839.4653948102824755503103022001162898350837153825541555246062373074220
841.0363898290134237244114847180076692465639739923366027029830369204676
842.0413542065263713333676992002025190964454882490570857366538624867132
844.1661966073507688213461011256678093742903188711278366765500865536222
844.8059939757637268812847766496365778052441001648556156790036642887491
846.1947699276939977636625185399766128278509048616119735695400581954934
847.9717176395120066363275847853761590192923395028056450759425170389011
848.4892811809435238248867303347245780488052737128598007821877331808144
849.8622743486978262643447147077563722259528472505921268236672450351834
850.6454484660040923782420481876587276522636897959236939282201266062426
853.1631125833891553258394720712667528806346562613714577455574151852553
854.0955117198690586200182216321021631242995180507802714385636294504549
855.2867102444049363482284375706015072465580008806031229785525142332756
856.4841174907916628540349249015969131399465566321969107861192067839906
857.3107406026038260329642299559945671772110931825238632833254850003098
858.9040264664756944128295737207587936244271334498453610809996423833252
860.4106708960146707515941401463273468470934477217644726370532007736538
861.1710982127153376059751104011421512195156410432512282203118643182227
863.1897197719089342361101300657386633080512598600206136212901357774334
864.3408239300695408556874997652442471611619690420311636245026567291859
865.5946643265159653951068770753935384874536044249049138552096732381913
866.4237399040426414629795886579517650052719903959202247214928491131520
867.6931226117850062387685271073210703885678009706323132030970302287449
868.6704942291315966678382745745771830269497615706530162608611719479687
870.8469023257540162057952754540789157638655976085711258905679619802109
872.1887508216132077558732280816324633564581865443979792349835910078813
873.0989789712819814983254029572893901801390410298517948342481403441981
873.9083892353375304396299857718943933161086000759685581537308200930680
875.9852851087803223743924411967406922859929796094325479020767910849326
876.6008258330274423972431300190737114360317770541501537778489191805359
877.6546983410334751440220931383240381039533877631899919216659501140930
879.3809519697909824564618000720346278168760944108493948769205558017391
880.8346488479393902830322872519732530695568089521276810431425020162861
882.3866966271964612523846504327688117775366709349507248160429882892343
883.4303318387016456845683374364288626173826123182998150305784268116828
884.1987431145947269603842791542748722212603435725840177741710063387405
885.2723044796171270511980861006008665409925408110188003917609509790478
886.8528019629162983720333299469746123885473952995282412140718833029980
888.4755666738171947737263887488626380586103491649280249686853382501517
889.7352942940907370974121881431157148725867228244694389650586269751113
890.8131321125280636861959243066803894002386460637414355599933917025137
892.3864332601558693417409992792235681839554047498687352436164991486057
893.1191175672942583361755429374495252873343301837923623743326443713063
894.8862923208687161421929036033816748995080676819454056618760756570730
895.3979196747829650553968593945628156396640311580806788471326840442209
896.6322515562027200335265867207904134895295273985999481788035371269078
899.2215226683834193900956439398532345143207881155826229410829220252752
899.8588846079374834442658553117030595878956986082293204102966259563292
900.8497398605213961178246412465387726875456358067148182658268921947564
902.2432075867522884616404478423805440652644227966544408572536813278991
903.0996744426304549466650463807456442755794392585422832694993971587677
904.7029027222813207743240914257169752769457918122215749612340097925582
905.8299407582222094048394107303137716517418749898030359216338715964998
907.6567294689675253115567135084725753774978258341665967866288482808530
908.3335436450609252807081966751943145178942107591051968731205374897377
910.1863340571798425653525516788078794869349987065709086840150202926334
911.2349514859555040925975012865871766379490851182073803654665627848781
912.3310456000355872488071671715155122171624861704438761650599845515317
912.8239992467433953779922166587374992654825177314681477171099953773155
914.7300969583756133383752392136998741270829336565301256032300837867563
916.3550008086427658914208429479995258863859185225977247216970306870750
917.8253775704267830264839643340486824888331467838733526548602599823323
918.8365352435290295712489826189529092979808335112560153037580430073350
919.4483444396823047817651293523179299286869492496644339643250256554717
921.1563955071548533673994052190259608785960454926798228889808989469407
922.5006293066367702662453290877733974814491042919019580301512991205232
923.2857198024222426739431025529606266590197990012562377472910795149514
924.7734839334766644162464557648302948883890652681849052783126911049729
926.5515527846030289415923750543765637830871430819425104993430311172411
927.8508589857535941478709615880757512237395828476353459220111571861712
928.6636593289348922887562903579446333273634384656967199345333839370646
929.8740928506477547771060674981577239400887429959111791488896443131799
931.0092113366280729542761667654513773840281448400240212691640864328584
931.8527407455200799216863423509979293218521680037095176918170444692847
934.3853068372584647544145411925794963447366515076739287746658735345940
934.9954248638464596176097376451676054273565520821631160034944392912313
936.2286493792829272137186639137728638061565562076801473752298059809466
937.5329257119703812729162338855826886965801223180209355633881350982882
939.0243008992183821842184187091795610691785890939878576936340656337113
939.6609406145281659856007544747411487930736779791157122203885667871411
941.1569996420423726077709969436868077800796685685314355691949048583415
942.0523416433754978743899456349823170885885910503176376194279430704908
944.1880358095727445119785016151035701613033849918156053309094417356417
945.3335625030459461415422389209964525265306232749883644781080318816494
946.7658422047278511567321672182413770305717785754711807020284112618820
947.0791830962548779651194745430296382638134322958707639906069411167249
948.3466462550449671666050859938359835910613261927851450302861290005925
950.1516126846438408647468103508454455650256213784323532930755706395074
951.0332487338235099744994104763981862826386151203192031635135378648024
952.7279886198506260846675213239326123176069681002677746065086824574474
954.1297192695514153367580094144169251503198730072666910866036255799212
954.8293089382166371195137628381016168627115500843269810166800897074043
956.6754793432897960231420321332276706241495379212118965514940143390593
957.5100525964237224677287691169323242856522376139729718320147487024477
958.4145933901361809700039994672547935902256348257451881516420497071589
959.4591688070681125609996090391543284638211327049385996379435494420156
961.6695724741927533426686575031986466238120604889828225057778921011442
963.1820866713114469971321899721716967047442977786005696014509305589993
963.5670401916122706718620995190067866386490034565616332410856246779808
965.0555796237511162249266948153071338835020395350356849131357635412415
966.1107548184102040187246212861197735979067365956372351211414343115282
967.3711537662628543151647782042484118948705752497055877871525478336383
968.6363019060873264080899054980830115029312756717180214719085205063524
970.1256105569411754792151195892404337812113364697608943172629344274023
971.0714914863857279402510345608562296492457411541813524367578107473621
973.1853612943011942216490969584507141797636350467214063128994432861080
973.8730789926535971942325634653269514703313155072872349797431348708517
974.7746350658374298753031548470237975252829038650538165059800799865446
976.1785024205896093441877981592437391927160986632694726445045124027263
976.9172021170506220214172671717878137777606809185177434446037749585330
978.7666715351129744540230067404250462618982522593051102995278756096713
980.5780006397744180613389525024755922728582340564648442192318864067070
981.2886153017589694593644343471294910890509117272412378684893715787178
982.3964851687789784014102218722009353245991511730254338196737033624504
983.5750760064313287555331134427599611364785795887875441250067811389973
985.1869286557734357695285651490315301945880981736061509236145999796084
986.1305151101845266493739882186301619796372489466827009179959840140582
986.7560084076560356217778391176727573451275833436553832988371272012169
988.9926223706574066073661836667137148370103617132370681497428483734779
990.2239178040279723629781305763692876781632574008997709708203531905633
991.3742941477615054318634332602861476863092391821222031569638614068942
992.7286963367326594436273969330933778239329884860306577834746429686510
993.2145809574429537075230711213440539003241886419353380521071617188191
994.4045905710944919000278054662348766736722442084493614380705540165475
996.2053361642982864835279814493016994643348318080403050627720790947359
997.5119347519392292110298400754401931267384926231157101789929896618434
998.8275471369296331305196154466393677103043727188378268368024023373034
999.7915715574129404631631471578470673915435140586403357561362160025940
1001.349482637782737122103309653106170598274501285491125224482481635115
1002.404305488391711308159327566435846463933433874751172790729687639630
1003.267808179453248257528201901448029257879292349895707937008870174841
1004.675044121172894226133346869600494216045108798393580163384063697459
1005.543420304378364196611048104143931911345559093080200180442465648515
1008.006704307063646198139820125100989081703794473854867650907354383329
1008.795709900742282345772557109760425892423377910050921951253033844741
1009.806590746964629457281935748602632235044028458702089464251034429784
1010.569757011061075898566515691832020086368953862568428827994111984580
1012.410042515761596842853261844371912927082673950314785084941574333589
1013.058638098408985072652637654348708751004738126928510433363470588725
1014.689632622370404688146437953482768061257395570807535188181397202907
1016.060178942647378130289794892061970274201699204435084506542260593429
1017.266402364355406669714861979795863901882670858122578693392188150750
1018.605572518620154950983567566529886016423313700640563446524081169842
1019.912439743944038361671516695172601531482735387852595480975045298342
1020.917475017263678316147084492092774722072379284582141523860733022674
1021.544344499904651907124084968307082579636001840777164357380895265996
1022.885270911716347825999663431359070027588779717396855840728529078665
1025.265724197727696366628311778262356223427624879127207158596545785339
1025.707944371462889237727701246627397376139649125831761076012948494455
1027.467693515587770273397423021363074477447471606807762337032328485494
1028.128964255497517877669531774843522433045152752391872238283573166729
1029.227297443961366731128703604422482394257144014496490018044580516906
1030.897368790596523560726555739542060674678096340068328829828659397668
1031.833180297407762541224224226352484073105663204070591254567729539348
1032.812883035158851460651440958320267661754104766600059146671017033189
1034.612915529520810066174340649535044022064165110501134221421960241052
1036.195917358054740253982927886486799583583473192864538300011938779800
1037.024707646281749750577263976311660032825392178871517992475889790127
1038.087752240618836437346942336171027055310504273233453250164463971845
1039.077401436896688726679598801388520133577921423638610818788966635056
1040.264037937695760831152926051990186371151385680684365898851006172015
1041.621528014542274154711708434249308852563384175161667222939127245427
1043.623954349621493870450095451980927115443423672007712661265536055168
1044.514975829078768114603313372560905703727429053243893365411564536928
1045.107042352977911390650395537655819567093100890136931843892931809332
1047.089817484294784221114650515913112289892453753517734747478585509847
1047.987147489600471131321596509933015624699611249374861744171037051989
1048.953785194685961633057024543533611307553381361763073831521056095702
1049.996284256593219755630199793291834750572497055730467458765408420975
1051.576571843205195795578149320742417098192880247078863514611678591371
1053.245785158385757625610520759071647560076964874407761740827884906367
1054.781039478281349906798792954095313599621041337314308374634750629769
1055.002146475685736209353382433418439334994824087820375392667114908778
1056.688847363828229857524790648794053094294986076644120346597979086152
1057.100043659617783603061085717955448152149322228267346077569116231054
1059.133769106897146229421299692402923350964945022287319321615150153015
1060.139518561607819097238993408785591309738396838937211929355078533057
1061.501304465068420063120211832353080197492806272866527138661644676796
1062.915381507880563602453374699601995062655289028085367647507659792102
1064.071551071718540425286030490920397314888711950037598452435073825760
1065.121855106293055478579823084061739104764137635096637110425535359536
1066.463223469242981943778819131473499477634513389558491836811709807306
1067.418860120964558059345176358580204404671090980604553859476871144864
1067.990000079042625467735564310051840459159133878667791091647972256820
1070.535041996829262809353099792098669065549079898406592628322621724357
1071.618623215089537904728055480559932035289346089881243234395980507082
1072.543998011121555348782818993852584081311089585778651914210316556667
1073.570353165093725437727708598850472203650075616816333202407824563426
1074.747771044310998579294215665921240852599725826127986915520704721161
1076.266625594177409865003750237296534555687075553940439321889662071123
1076.924056065754446887585361639487179066740948609255450468882454157042
1078.647198480956364694290514820320527616691649700300427316041477660624
1079.809965429259069213571664250453314490514372701520136642237869530613
1081.171002343467803785066479481868419581692961612006373644178325063889
1082.952749723069668660791991832552113145717600295520692224834232842045
1083.295466514085606768340679855029356093427629136305171506060672113856
1084.183264310430216143163848617287326546843655439927271753497358257848
1085.647831208639340712020066564791356926173140097008102833729786012883
1086.911998989825093115565690334659081961153764754131052371692072372034
1088.755724674808801471697125001913496064882233072836111793489869956198
1089.795337924074774958423569212810285732479082882930783176315890088291
1090.863191026248860785008989901089085543055341737091757282624038262796
1091.728472966936828999399305194828571970315521528010984949426119308175
1093.440873272368634680795585666100506329580631511462727139937083363180
1094.284457523754159836338559191313444310745642333263710166889096315079
1095.433084758661478689667484869983482871098398459118204450440898577193
1096.401917794742528502149455418874412425197734783939108679158214021442
1098.841015466649861787294733502687166404957321139097315809215991110516
1099.360667178571795594616511801884870406222866344178523828624126768105
1100.574460622462563218624426940529091110994222746692337290734425478371
1101.839111168756013405011214350250797599260659697201959712492435534360
1102.551779899917722746785943236526552027840656048541406484565429206334
1103.732297174546935847596110099669598580857751890213369169075782847812
1105.617188830762071517320809033744070090143889510633603305369414563829
1106.774371675832775100917447715722252524751242079441280855468963713039
1107.774531955010136933151670806122536507216195434518647305823111406932
1109.158918856766451887805175063504211935176859552899811339319429569254
1110.444142993613205803273028210496529408144970184913175722141710373655
1111.443504764899896587418372775423289847920734485326313078008854301184
1112.432995408076444580687919370812488406659383472617259980398662980559
1113.397595114801993513614433569406106249010446452040167478227616135951
1115.065359461566605676530232809664789693460084285225521643164962332146
1116.787253881214524190633039913150356067877858240606590389427800392760
1117.965919669199670945477582375833420298853826361632411693742806390899
1118.684134861018390903878122543577896998354337323853841945099118095251
1119.473247426178982901861447260439692249472413877916514080667106274306
1121.155937675810569905373370733513945587736568466017586856724076480240
1122.458621356880512254132854423816059420599349226983424160065947072439
1123.101117387809200166664455533703137305002950335825986715829334513963
1125.314729397846470079798976802460727504945379716394883131555885003298
1125.763442429252559466443972009122441925184930169611745606074336791149
1127.658023527215719230775273999029191221834252188777477937407928252244
1128.430224613892711372106028520599982796936766591354548679456587651027
1129.728996777065562175089155558434999646572209831314176837937346795428
1130.391597896231670832010907707509504337166538762332621062975979724646
1131.495085561917043222286892353773430416155826193074253415016191494532
1133.708625669456235851410275245604470168656140033271942837639544568436
1134.885654591533196430624198341631848996202290004160300152420930215571
1135.562213975477545956522046397336474418127308961148428006671256635517
1136.929293480969529785469667305076021451330113857847985278704504053066
1138.151589779805540729233531898553407253234975169098719617771716981579
1138.992341820493635893859992016578975259898263200500068573532703428906
1140.721848171903359752655329859263484023363173838899794252604268792636
1141.261022964136758329982281569288714516616672676613040132830525731780
1142.858659607856481118498799841572911396111544280941917341943433227993
1144.782299518625341877065290860254620333979862169823586148803671590726
1145.485327517117106808017281510484735898372355454287420364557307617296
1146.576814924866953406051744481650705703703768626133540807928512636336
1147.501776523319316091299834732285614967894161841232612951570307095894
1148.615277208834019003767233044290896766300915728671858327414214169821
1149.982601028107097665448816663065215246330140796428536623818381118382
1151.562814723673218149388696581591331145621139578327564870719291842926
1152.943128530589795951638659496711659147659002791673948174355378968026
1153.890303716271268026582982708446712050285807003683048860111101759519
1154.697519535382382913171212654744632009341971373189355694386760969030
1156.621567833872543410579115422644335047037779234140153478575095286315
1157.432314575610906332865252208317903709843183965264745858172635453231
1158.001609027294966145086687113129962850425328756196478729166049093000
1159.480657019022297309404834947165808657712593144658732466900551728107
1161.396644634378091498488890521776936153979879534710244454408762680720
1162.487528602005427804017687012472400421903187679063914661616808851262
1163.701031682778615587642196509732551425729573112811589135782386163654
1164.737586351227609934620217635541910634622479179715448904585033827486
1165.271227706457693605533587934420230503522231792173743694834148048691
1166.943613409528712677105954153540083959182710957613060091002469618529
1168.086271610138794297937928122724987288929823726692765204882305608686
1169.698356884884906186468513395886357769223134820513824649575316352122
1170.463638578283666041216030157962731819283823383576019395813867691751
1172.120681865695599846400740328500275507869040184523130039747165147538
1173.305687764048358727042161861879419446012545109632501336992259532605
1174.232766856456302652064361640982445124872274448118779883116867682339
1175.215452395950775247030932952831707350220322031018689478813091054471
1176.632875809788458632993828894502211476835669975113533939689494228360
1177.106304421656146949000119258928035819753654562601356962061522611372
1179.701223501933898032583977203698941154521614501859199266995937123528
1180.653543787084385330873969840202784459487467509949837886802271668807
1181.267318151680018959132975694110326260765522047773783761289336821960
1182.582270346920390440041119275856052504534635930549248064597697384642
1183.712775295974315349890398396181951227371126512366675627667133252175
1185.155842847465792283020140904130875483418103356003173513488659109221
1185.875358695356620012619089368827963854941308516748756925664911781178
1187.345161493267309955546583737178172508690503415185506489479176181384
1188.856444298229306788806151935418899951003245272192509584962695933609
1189.963636497918443343748637108370167148033042282579595995620586159450
1191.482605926413470865133378125840214094120333335683778768125497064655
1192.218611478101545077892205572077831292881581543846535820373401533594
1193.324021427455080275389661489380742838128476435034242698018804373907
1193.857427135436991965941166184693901332656645860446456713353174323983
1196.034671748671062232111539871783512945771969881227885401854323342436
1197.071786658821966804479466653067724637453103497781258575146499216760
1198.686569104630566476487011793928156012316277830574976727909524381070
1199.356513707893968131881110932117799864662489613779579182267854211735
1200.532692031219914310338259028179812825256278339470453121546493528384
1201.810334856606049786460458533583387248781702625506734465960692356146
1203.137350861425479452833490114266745085528139921728508241874171193695
1203.855247594097002027002588808970381562331128245778015774603390111003
1204.985492171466410715586559359810791689917978435203964580968661493742
1206.870499793853068292137945827850608091204843891388344616510215232441
1208.471459949531031462999152471234656025806928222949976696070903029850
1208.989484167939025676652544690788464095568295024088305369836602087974
1209.898030087545955753378478737088928584503513318641443627813752560768
1211.416115892798123060478983201523361160354341555831208910757397399377
1212.113153066319792624394280024613804151534771094539451269256544965350
1213.598372680368218485135052935254246107403924862986473408737272586926
1215.389975065045634269813770207473351292907598889963078306931770998565
1216.183722033467416723772765242536643871632971162226429254565007793017
1217.174482497738919039771914294109213280260224685818125508331161600521
1219.050028177406163509276830573062532540972348315292757889851013388810
1219.614471310858484310221719491342885798174264403527998097773783397047
1220.816347690978131430685361744353556958607064032308120970193885368176
1221.692242483143733211792523879976655512052036147707361871146045338399
1222.952484095108358242564242647374019467390194030824859125768337353532
1225.018330024168539197351757053366596045923402380353928784371040391192
1225.855020760795715396661366871441579049483328970640056613337423526158
1227.231827641490931924146161160085343057168852163557121231124060298750
1227.917141614400044405946349098111053175217750173785338334645449618237
1228.793154362981171769179033781935844506173793729639992477983490128521
1230.584603154249275719501758842635266767108475473053311570660770341899
1231.562273877645398164718178630226118864376604877651176343674301141307
1232.529587040597895551034137548456492637337686407294192864687517171852
1234.277816653431788048844224905304759169386465930990048979607233386006
1235.502548526520997318717426912579398804282981241288655739079391362976
1236.399017465778995865444358503249731642024211181966600167761522295704
1237.977298513581145513426435543788141380537030778127564503390693579101
1238.457232795661807116333424981234126676951577175735590603857923089891
1239.490807146795754277704675379759635201416411268253667834553424645790
1240.813471785216266891520205995990317427026760796363585955405284271378
1243.078076398021118881519514065293469249227102911549426858596094332834
1243.538146526114259980473868575267492393659201300439788837775391725643
1244.851433966983858564581682699216004746894727717322302787819616954567
1245.655866188147822478803874577434740719988334923688729334416847055091
1247.372561969855643915704176179222255113395516452367842377431669879324
1248.063061053208198685149449957698568074487359950146304906759331249254
1249.159887953002983340583314205395436768572192692287452276696389655956
1250.672397275678117155089527891145873562969555225625742911569046789190
1251.659832004271221180037585776414953042510876165701446791762952105731
1253.673577852107102018380261800272619623676185706035471312292606233379
1254.431328421773449368516753096833892492430254466987382130877983130513
1255.408230645290734638381554833588154087337192649191461374719595691971
1256.181214198460866068255744203898782813593704479864302063981837639857
1257.541219412644114426823188183961887471778241682104055335431389601095
1258.779233488595053190671357040496507358701297843354950740307889414353
1260.344548316185519868179070546536187809209257598076437895548883853990
1261.611717161479839904325259209341789634736786893106140220384897024790
1262.556614000356224342557735020198908924486096945378871615382005581892
1263.676732843861793330399614482820173675650711025136563600351934516945
1264.957223006999789287695613997602783040743205205631475732586773713690
1266.179037760562062242829999597447935179075394471843837614627280996516
1267.200345611845489220289945906159738321196903318509943118557340750038
1267.570571779440223458643778367160769442257005682596314036007878155401
1270.118921886492603925191178433325927594228279148475608123112308905419
1271.134299631609991400291681899752453885790959733577461447091408564837
1272.083959599332897422895646582004342777894984281656745816846624026406
1273.261144633455752813727489719587623969501567658301981082484012071044
1274.196220889480358828122458753726192451584902154192909198448823635973
1275.092030315840457781671327418735487189186720860593712050021747631961
1276.842171555569794685535188573991408897148691833608874344621201598638
1277.763091986346820920609618513878532252282381103422407534991906435877
1279.332843316708251394285230318159472794565028409096629683605481845049
1280.155794409022930466591477235396798163395956363786291688049373247023
1281.828726959699933928864981252251539266465638479897707409541315172184
1283.000491386699676607703114941402336837160522687902036093626347665402
1283.335032138879280600482554725158550910583941601734435623533000281508
1284.854795154621657840431160936408917981312702716852432793262237896505
1285.695023331138592774774948498095367972413304034556956472266287321495
1287.410026617075316131672786635184632188416353208665431914475955191049
1289.165351532773061481413110435284941935768658585678137345664708444995
1290.104771519807337889521809032641941315014139456623577211440095178701
1290.417708073042503662543602206988952233994920598558748746936362468906
1291.945870968083198400458037914654867906271230736287257009483558319985
1293.493981557417445062020446846984758645428156229957084335441199485666
1294.118474377848352386109777983738377549157655107938983283898264192219
1295.365363505358250254932173087460895723987206647386522405599471752833
1296.801110992347291502194113869223233850244532479656748510529982552611
1298.256527067889529432349222176359579501949764377123428155975350291081
1299.405171250743978398316023459831072539020324212840870299448325512586
1300.490018982447638393470943343002610334051818672549116073678448606672
1301.495516680575058356356018372932848407726587824328993964052455504469
1302.346742379246917920513253175188923322889650240933070302267153803732
1303.273200228794143469156007530383064396371226370580132679916331019673
1305.401672188004384663012315651487184847210036500488820708978355157808
1306.508393312968836971733720834626210917595500065552896158953506989413
1307.267242107802427097784151331784842625167507116928867238111953114038
1308.988196517643387242108335080429878751785693427488927107137251208375
1309.421532493255966673810811814526482026741034310258596083595563970657
1311.056570511111896663932335774927734985551674407138341516430138232770
1311.966940608049354868810971247671132229421579473538428817717574087506
1313.031599369019664552442946150558779450343031884219013963517102270251
1314.052565651726166193373466622064683573995483726550252158422960028697
1316.212112602854049780290353684123069914820519149490004310103973457677
1317.072986034829955001008389268410717385707842935400948804201078506417
1318.171279132165052548580337130853790206149938475827850240251217168369
1318.947880596566338336391281038093641998694237672925239825068251941385
1319.931082877536473052035280167390745129171286768383353499410489569939
1321.628138551912418057465925661987337085809789488272668191561887504300
1322.258067123391157945193698425543355071683767489005151441075609383556
1324.224978718844330913229195735508894020197339160348934495295341263620
1325.237624358982335353497465179917831853335396891900873483327520856409
1325.981969630446281223042044622621792783043848685702983239606898918169
1327.635281108457449640351740733326040330876447961254598289242438151842
1329.043517996518601239811852415442827374182074820924504199163527918504
1329.205018785483634847618474141123450437586891850262278008577288997400
1330.429937120459263182660791024641960015127863948340478606732111650014
1331.827591385285217523542330759636540653347468642147703487380844166302
1333.673522610284933270975871701998535626380232067499370393777933927052
1334.747329051689776530339478124242466067348361972729721015204166941106
1335.694974526002066589015284239892813572604422576156375541354404559642
1336.690184653385871053535241080922179831202797453241534739856614419338
1337.688791809669949603148439955886766793094400242386277638391056624340
1338.923164598670349828981969306561845755006920131861685253116587530629
1340.426400457300175789734022436394147345914800328724657487717332038071
1341.166272252926387071935128365938214966152234244559669664430883866755
1342.608507883776861327500373307002188372965417550447407609238887330405
1344.156044003595790998204329478565830911141121918310981132170033427732
1345.477106261398714427407301055898766650282104450928093547507302442266
1345.731413255418407759006722183447286650458054288560107935713897432656
1347.519471750899911107226733303084703624255894930728382946088520337029
1348.017238018736410091624038121042797005612517035098826889338847934475
1349.085194014047657980739438012039493814444713981382918177034210676212
1351.296206374096718009837682380547049399596410360245233244307927192664
1352.210465159175538379448659691042601666631360128856339351349081034476
1353.483338358264576553756178361262031218615510456059504230458956266186
1353.886781971696227684236046912987355330938825305336604826704244488778
1355.680595320636491886857508441401885732400684808298037510091300441523
1356.605655709807953919674521973734834800756045217287841097583932916709
1357.771742828579464071801418898852057119889136420211831839003920127021
1358.460160399159026437355189172635190062652939757344151683805419136532
1360.393144762191152312089751910287813454655741604841462385320842334125
1361.393074713639681698890762928929246734529941833892753253422735384787
1363.022328603280756838542737904571588213479915283702118875050887485270
1363.879190797134472437964698401690555976748583065766997102124660343603
1364.576584896753972641279745930949266435731969063404543935775925951378
1365.493733551295247265435774031186204423919692413565335264183197210058
1367.104090970008230879955155351149289247279059456637226530538063363712
1368.330193307985894894877702085495852519685331040468666619228045043334
1369.686949077342916601033749078362873990199658996889805089331571073115
1370.973522767783644045921669020982929699514989836795204752642608185876
1371.686553552827391128829532053489610760428772339670590901094212406416
1373.202914562373382103296370273695589323613910436427590690232055285952
1374.154798658640645626519793780810237370251536862163078817854436061853
1375.302392344748902154820554820805852730132134200561289238511073829301
1376.161779993619352038764812016064193695288986132659115951010522032850
1377.177633642104626322481925835153147781311541402756839409654138722890
1379.683283028612926385771578164133160623721928095747754538741338104049
1380.148578441692403063928151975544394576491110038957525277760788500526
1381.073977149205634870656553387235860329458638882026808444844854592794
1382.345662978473679887742389440928305187021605317360693635232024913148
1383.297591007946474903316757831864576549513138458151309427294411167076
1384.444415847760082973395629190202884100998365927431577716560623081095
1385.663777011192686438873913872627091746401786328852513390332372193918
1387.326647663489530605697250137500013943932986221694492298425502239142
1387.921454127112797023168503205269079056831407850834165610378047310140
1389.565831798393937195009655458476730879921465568604045390939790849716
1390.705490286427665121514623169596046207933331971129245694419647708963
1391.853200443269755384526890702556586919273057170033963796590971404488
1392.644027788548648255831025640593123380836133985795749087750817248652
1393.433401740793665026417471075334937393880696400339161367408047625007
1394.884184675680354479029475568339782740295463381983381760125130114529
1396.544163123682501770247636946446743348968261884637640299003674330132
1397.834623321387224279315355900165615555773207468303075585948072429491
1398.837675201385865233910781623551641673171308631523870054259068885167
1399.839472941206481467053985746143159286354920151524411665120912003508
1400.426946297394298261051425024536662798466693094734059923155909174403
1402.564347250065993817191111243951503735317442027776438767000317884067
1402.973747640919208050497318755828475334901132667421588237272411098060
1404.006292170522757129440727950733593469626314251481622472195144808038
1405.666975059246875092257325254130374416795413850432679203344886710770
1407.085142776436486841203861553945673143675462072625611360128648271479
1408.136307496189550754764109216568713802973074401596082938023910153448
1409.320681079838957249711182852555964218419074619083658769074873716877
1410.024810725802225833083299431548658209139288471966299854738251058891
1411.257056815706623860024230778695375047885978212577565439005409910857
1411.965653461773004284494177417113415026254906000578127153945897366192
1413.843148788568852998797603639966241538013462044943716176541781285873
1415.585784795495351208993038535815851149152803073425973256120338716754
1415.781581303282910082772036660394177733609861547071641851390571859089
1417.102822933822614755624964325648538469069477451958340814458614067898
1418.696963852452165675233051829874743057694774871561834399141180387992
1419.422480945995686465989038079916819232100601064166016304690814684609
1420.416526323751136034375250932915159741881393112802522872358089271025
1421.850567187048653910706807550984750603784648606082330050211462234727
1422.461310987507366496379440145071599235728663551142742194462138359526
1424.463045669579022246795142763486399435651269762663077506502257325755
1425.873469244996591079289817756997239137610749501661806557382690942698
1426.645979682120039380197024860457838274768066075458816195598802318199
1427.365671109426682028960841943756724077319551293758521721807290630260
1428.592305875978768705860941208268539616138846771054715412039851470012
1429.650477276191545764897583431797473813281501817523848334254862255103
1431.218313672751658422362577109002433367758785229782382715900614810222
1432.049740893313600726955860125094849059244725769189430553975855759697
1433.821940737065160513137540426089666115386444114444869995291496101018
1434.584942168260123966068735827451838563198635197937044310262561970805
1435.692907383419277383952915810155650585687609366788890853311613196792
1437.226721623801248684463350153459261429726923438731287146569091842126
1438.006284841722401518352473167484327783591846333298249407122470790044
1438.949552746882798976178813454724245696398882148546405162835301856896
1439.622793078163983973974818700249802017530521488858059344690668629167
1441.960987504861836180539030710928169312671644835707269695027483518440
1442.911059580896858867879323961125455914309257336998716135418289406151
1444.041930706366562243066105158986797946487698100487196266622551007936
1445.072278459201045744066756906502395697518873768523002578005923415845
1445.830084779710020783356237113564987012524751623772398141150272065866
1447.226227099975794392215934950765383680639910443141378110752069829994
1448.323853515725453517684403074206616750238515245116529960163318373539
1449.488771280731257902871217529728327269926604826897746054977865563951
1450.773561858297330089906756954831501830647854259040659926388630896346
1451.835297999393383264246395013055505773144062281569163661222243631384
1453.737596757102226254608748340911018332588913902903030786858701242063
1454.226011260226279618029637466211817726173224528376518762105459045141
1455.312091239819668355061728245871519866435523921731461397130973411211
1456.167797608387255558047066860637497342344111065193661607145767446976
1457.539001668411230439852853714209233012021516840976425717030162199648
1458.393777368687248897353185050367280848226547291565435724277043856167
1460.688270535419103886417490375517797350930003666794928909026310573549
1461.245443345159955929938183937273902051131549814110905685479853615557
1462.266123265787259537550513699827970829706500240236831176508010862600
1463.286891190427541263050979938232792839875049038173431204055638345351
1464.696903297876409962361457228124956489278432383192252586010452726541
1465.889557614085268159057371235248981957397748591505015738102315060556
1466.505621107887723368923293043131108863023791180915137529739161435334
1467.703989586071013401826982644070426782950435897745898397493518158762
1469.347649878269645799291096197776233399585715847296942164219457275858
1470.966589127164967200423743062477150037278470807437785503914207380963
1471.388764527106594515568524142068049387954273842479020929333524859237
1473.020132324185711143723154418631152660007810985783187655307175025342
1473.745649185746533474087354961410888943789697333719334466123093101445
1474.203221565698878785627052471643602669434508243214811048010551790922
1476.092127038240920702570031368613578297320262343045656042112554967918
1477.435191147500117405004711717914700857982357810993451475660521491026
1478.441395973412948585008261648476643857763387333441134243318590576167
1479.759918706490077675395632636296187739320394961793429169841854031871
1480.766879017982257679543409360958749813326099676035290102877138579955
1481.964684209802309575730816746581415378730161882873200270026013201733
1483.032959958071480650361945452172490066399698292822162885793757075929
1484.143580881755407774916541945737091968714451694318396039841161009516
1484.817883231203726576634667487978378134384335911520334332315267176248
1486.171349027557139928372310479419934464217380675836578994158409488956
1488.116337976228270527027221489845339183598133686535943076589234438885
1489.252466946430123072027729646956608141069366675020458281530939935485
1489.970892204678885758734260046880107319775228133355191823593641456914
1490.670693814603265610717512142316536874983392855268104416899384877220
1492.180090544016411448622233898376801693848828967132646715304016056890
1493.330835421270217760647292386227736648443711720307997284985958263634
1494.155368613688803742654171460874033416826302244938040156548940378492
1495.768832978941731640262413238722691651300000558050719461638234194631
1497.065505571710063707657608186144370455664178542812360691055204867818
1497.747360933121155702567134532021243599940624742248922940263118824828
1499.640824746619819727062874677735100047379754176194410236873669236439
1500.351951516603164877266464970668067297979650692774725733504505219648
1501.119324922131586755267132100787755432182626425678725476267404613798
1502.346063292399062924653131617950978160516020385201304518719469645578
1503.090933126680493369498661250374583130978527848799077050161394308216
1505.261529654671910926654104277293414770775914135757156805310941812216
1506.152986138113179314532481744870567351413558425365160545826211576400
1507.407505163830322280237525456465928910821903430262758921826433454689
1508.253031029542275305300181852855494227763621123390872913005244163724
1509.280419363223243290159293424095809105561264860471428547230364548896
1510.391797446473538038311462371666260121554289825262012481568747481375
1511.923005459002111188460007330427592490945584331718546258093950923526
1512.589764705458127802798435801426146477871078987653939593647163439145
1513.589765539918677586756079511559015642702902984198044484599395821854
1515.708343586873929897339272503625505281450361128995371593688118833081
1516.435989718758455005481080202558739583745039832371517356389341956277
1517.719806254130186785136475825574259766307399105368311957909428157342
1518.414791487253691070493351427817177836335781140994188205150183324145
1519.741009493906820862830231792218793951082575142340965626739580859127
1520.273622220356154270041307951657336802023119460687405305901604513094
1521.901909065460911395427839299387127769044991609623991346484187281915
1523.486047149258880136594550495701973198666379327720120243261750891132
1524.724892160622186989841600910788017749728468218098021375327146124392
1525.227837233791800071450719301400166778105279254034674048618293578105
1526.552311910387456833343071676875017844228166187409731279111133726656
1528.040930429297572159720535334754841072224156429902039545609367380400
1529.034456728701310627987138517854555124150007104342048882578250275602
1529.369975365194524165597029923943231989255498027385735394972662823030
1531.020742970222322575866751293272056533480749542024414381005289792961
1532.222326939392069528772873411251636627341518066243328827698787451340
1533.886977913201592096682979885349131562021832290346549805158252189230
1535.042277471206664585291167787846240921490118550187609144067592458774
1535.769502395248204327718605254950741321714694523878287876906807152938
1536.620701824029871898280469056754706571213124801095540531107564588386
1537.651062167944922464754310556539047608465813366370613779407511438586
1539.302854855583229427846005811869062840888885219006588784392264507592
1540.030270139506368973723269296180908759042526496186525815660849020792
1541.742248762789003493586594622949192836591299747122588820784201494121
1542.496522922766279604768808440539813669139894223755784183867349177918
1544.118670054520289895367619998515182799573102606441702629748067128782
1544.834608227519480110202936235177787547479437039982793169321078487785
1546.091197786313297886144801881240429150278045119578514853733122644240
1547.297581121406901368000415263369874956100865737279229072716190699231
1547.806563801857567812332259337355583201320871690374296671852264779042
1548.871348178725372883927951671759498588626161439104826636723815768923
1551.273845326404526567957097291442194189373783605663249870997422290488
1552.006872837670069396825300557525687389927438473186171636168003483461
1552.736105329803855130255029923889032645708231503077549905926690070813
1554.156519109657777788806099804648379025100536060487175737174339224021
1554.921285164991869748802058193192592241743428694198201272773674984243
1556.162987497552752345744614454193981295764679052344793484174349202792
1557.394507017690490987832151327896949623622746807806909242948466873768
1558.339152852351962786385834986610109690232825128283936947549546794052
1559.781154390710235255259288887185563141083678380404341032576271395825
1560.876475777809452139941140513897006419060653090783329261706473807221
1562.410153180194439680536055051872262019992370014644950317146531198474
1563.385400958495537267918371439973056313867820598796751202326270686969
1564.177940460431674820589900063296799028933477667655286447649042730404
1564.915788262260135930225975877301827762227426845574694457664292821276
1566.266415601551516737195789521195373379397375327937485002927859870097
1567.623450717218105456669721959224722600557016803857613049710008129567
1569.022477804374074528560956381753911426345261479050316947057764182995
1570.509277866920837750153702018472101306156729437937428341670959599986
1571.045381485538185056935902414935696945336199431464893507343697804807
1571.845352088045338365385187681792210536037723411616887948755352335868
1573.806563330271403834712937108755539925476016931293265941271870402291
1574.230915429863777755373694780776787770963609192625694781708969874622
1575.638154952016551704401319166024785491390414680701589054585747829177
1576.161352363424377561327489311322958810507379637046149210410425515738
1578.118826945782786074640761441829511655289826630465497319993716684682
1579.514055067740677248002441096959098230127920888130692093821169286017
1580.372081625471549375070564041336325429138783457187928220384686063689
1581.363551773001820393000671724727922724541602554700413656218168025608
1582.329486944147176256569250718710490621199392314040238861368869669691
1583.394693435421748433184337712759841112546135462561670947674663937670
1584.234848066376210517871719012845336007535462487221863781684217658487
1586.293210750337776065599305949992199070363287796141047862610522366075
1587.004342107041149829094811845244052913411678423193195133677848079372
1588.163404028904790148031121514372966604452817258529674227655775673812
1589.357945949557727776030931741449700140947252924642116393950275187813
1590.835904321394104771306426083267565017592672697080494457149285074297
1591.293884373572356231406265176493853066574128781949491348762125389454
1592.637167039234918473436350730472364645172712976724014466165750616378
1593.584808188861926335470883813601795344980473166811748533965871546341
1594.442689655690523961912615828813854070976629950675814893260678297811
1596.484492409654675246698921079352379306729545065997871862292147873691
1597.715895944423128646336881503458268910810673611158680057484795267144
1598.420798549670449745762223083535518336717444931040701021275889676569
1599.619348950462806910981309058663099669550803429180957174666313946568
1600.048044903407311117640762986193474980191392396982818297477336758506
1601.911946228582195319048509851650955301397158335144350068006420297722
1602.815404793726602517535981951440034323360627093475546924228634227688
1603.655202996124079668404286136631546634456290489948797399854191292569
1605.521646646623348704333010910956812543674511517288984309569346669327
1606.293418126574223498511635574620269759221582102325406687831229751994
1607.556905211982879540600895610858145980673938255653696747609579890433
1608.836295305010015548216901698201564542230312598490136423100766867825
1610.003264190037944310470787202544635373930242137674739966148168054459
1610.253823162574488807567725458148863014176960544472281578973512872173
1611.437141269554780419201858216023267762733941910914291785432571899899
1613.078855451027423513522694467584043291320527278710133141568182370165
1614.710627852161491739637425536761345884609727530425081370643427329146
1615.574608718972008759901371900254757542661764289013520391175269173772
1616.398394841583644176829126261466330840836010445091812991574670810558
1617.734684840985208560999130222877098375578596579032302836150855638078
1618.537517831977547528321460629325696546090976189426066929889940064694
1619.952501261128849053360875098951662605706419796443182686624669329398
1620.774310821388562418884701279764729303536395856813746735052274248545
1622.098751698022960734551908184850779309636895565135462991344095557152
1622.977767699475580047234466412239044880646354539487826971837574860414
1625.021856657962789849854663430298537867215225960431308927731765978690
1625.987020163621172241549750009692255854146258969691826413956269494226
1626.399919311635551920494359764567867283982063868536046620210362682774
1627.755441276315744955155584873935639358695787312917265185670957950407
1628.715316856763230191984859786360106426691620645043403055895637349283
1629.658668954947761462749036421430836948414114566470950387781844136520
1631.194814551515752982858171428346429727690088345888042057328622071698
1632.798183570708816965553043795252944932097585007174988146807566653680
1633.512516889737263158084533501594913597771217845348016814342830145977
1634.516822662067080706424221814236975683099606316854710706751087212074
1635.718366326213799525578525769160935060477533429531335555150930732725
1637.089190173370945876388902483371773796777521925941613680049451862175
1637.994643586012752332015803612684826090516041389790009802767387353039
1638.599658304213882696396942869676313663740436651092357834245218498195
1639.821235729830195521375523433338554063530519894093831001464434228618
1641.899819008504577039430071344156580645113797677526538520947426750196
1642.489779822378073057345306823985146662570168947379101980277413105213
1644.152065959737679196727043202987135331161544022341628635544797986400
1644.713745774667882876164370792102921877013647664457012925383123594160
1645.573760362766078582486625010121848632699522033945035325315072065234
1646.624866593178890765820653786410187084840306672102795515669218228135
1648.270598222531697807582656644083325748071316328639463636028022590670
1649.118535409240123292286317023484976999955065860770684857028184594350
1650.416988983048381149984088828724430522104404793177652856697639722274
1651.732693341395981036998067974190561168432961413371372315068173601582
1652.671065899601207082318963772192713826833841778407212389773923601668
1654.205896759371166943082319962768763217685095503254393097041882497993
1654.726652393321786381752185967545287892257892268834129442153679438349
1655.822775676771767318206884526186662592980090588765899791790389368414
1657.114236399763082353706850428758209056337919124891524029477139248816
1657.567101179321441112896041135120611697980289468714642928702049206022
1660.019980337998945424468981202985878164867880957109863259839822466300
1660.860056833300810301495924279453475398516961813917421621711424461325
1661.836892884096688304723361496694017412604504431349199864815592661412
1662.377202549280083467248088739463852986948464289087929530980611252557
1664.057265418110030617261083891271370675844471854479812220482254210950
1664.968004486365083806974558416919352657427681654696285606097445973921
1665.877640414486212330961352386153854199290054381085848610433985760818
1667.241125051711277139386878286949306693281023054283724628545429305544
1668.368229327401862652189855918145365226152785557181802359316581700208
1669.669728452399209150017800644535314331928272257463133433041291419352
1671.047182433303181979263957037980112559797701989380928689046674137610
1671.984259333726273942436665614540224007149272304480049440276143518778
1672.963370830781056597758264016726303360223601837101417296296724154593
1673.687445333905250511074039540484476339796725812832371951662978252357
1674.648462097009754796137424031288657420641256556909663036069501828129
1676.362486323950475216755748659615065476062027112329062235095973601991
1677.691227141526503618623631313934252878844082570693559752591957318973
1678.630368091063650393493430785076486369936506846721830577716419527259
1680.077946716809494439834994473117807616760767455869362040982540153743
1680.504770112847052080567356239641378662983112802271021237737912688886
1681.812320174266013360627166523681058888968189401120776662475105355324
1683.273289260666770470468298447181834410749242501316190775734608324271
1684.171656837064291579028551970227623872371720305775210336468761787808
1684.558863252537241861381581137956111900019012916772642394703816223202
1686.421121947838197593276937826381063019285212672865192241147827311222
1688.080142693176588436740353230369097821785235696740270144701335019600
1688.933868509784624056562111985461240961769119642037521058735914967147
1689.703154256179788865819393982031213933227259385160286162154541898950
1691.051559916893075944593409511845801139683911969898769519443064411767
1691.515192892035152299187160603020127154723933705034759150575937744391
1693.053020930197146867152899381568996638041238162175999985991216795757
1694.017564652607856866831463504008368885921454480064235286696494901945
1695.832554474187265513088078264775919574188169695483049254318255306237
1696.654997439785656348972199974091312590261503686257676643367633119556
1697.342514286564009349294604432515388189330912844686585200697051415064
1699.229547187643018792872352034806989926866934346508951118990666496729
1699.966817266863858564388383073637297801311885040096277021414552995212
1700.820303245006238733439288712332011407718454897846377748965056448940
1701.825550997047417233553919232082114752462415925904960188268194908041
1702.923249764490519399324115347902087816587381316977373554864796354105
1704.291412426679760281343751240563411970803376990696784541570717627142
1706.256032431560377055487520385679708517815397967751116943590321027303
1706.615665035026012470105194816773865631040220131011080740231586312657
1707.912312493324514939294588151913525686164819522447606498622687333641
1708.512116178403088250826828016565110241675450962265273769099810360985
1709.780842298580484923407572706253597984814532942372060997978646263832
1711.137603258592841272860739301135309033741089277463189745001694010977
1712.155397654322368843190510484185840901753138171391099087447514141981
1713.055341727513109628706829033256554297695806740596300349659500845999
1714.717145255494530380907073427198693718090511220383293696551542177011
1715.825283039820567835619201362411401469063829831890792616884904791596
1716.769983717394902744361581667053487318558980508612614044746654001171
1717.974485066158528153116256739741870741866332453293021272642757730860
1718.954152498583751996121483127786438233599383775465888582090728734755
1719.724469321831035110476898707181480237373770149377455164342966458908
1720.498070947586531810458469080541238513829658575187531431458272775132
1722.844661739915648825986834988154580715312359380975871981212662661712
1723.532822631259873601000923361424437365587018393077093775642474885835
1724.733958737658224911768447288037448954593527260718921759329893730819
1725.638628019973830653353179967862694356685114391108333397370606476472
1726.605700739885404462597420237437566783835624361285687311187575571545
1728.166506760965425040578810314350328336050946399370864942338345665607
1728.644486480371988396949391932877649812663279261376086831203617957026
1730.023872544779144422567863357002861674372193380887688614404248841220
1731.014193761857181783075164213545985145610642648011685740529089260820
1732.430169859256836542028663440615238812092507087200926651366118586004
1733.840825021430013404403100402876422310536288821283105796714239244535
1735.175466021101098339878090445337143476128049799537728893389111996963
1735.624715342870632327563694365707270011404577055037968108625660081378
1736.305662733237988887384858380162240234792874310240559997805057121357
1737.893884786928548284183610680948919226196522419706545822537415925904
1738.783237588816054261497201596289288074327584172062977707927821168397
1740.169115680140548587293998161878116979481979288524818959791175232050
1741.779167808727257289365646660770278702688168508481447375138519010413
1742.467680720782010198985592814800283224991391159538694416160045527869
1743.426436858721626521507841096712500673636204216480275433367457380596
1744.721511937699789776716004389862008461203398334914266444674479315016
1746.097498595632694981088897965565448330241343357032242127013288252629
1746.595456627128205571697663774996341557358859382039735137376133164801
1747.781695527752417747951426604683658183138040586187290561694020208581
1748.563987381080216827565472522100497567503713798859346655879840264044
1750.822818489839100496969714404208943463975622275692026215642731903062
1751.617794946251114836818310172803855185336344900688910910728826576145
1752.511511140665935993365667351074559932887770523996378185236931453361
1753.661355243139538151920086652452565125854696722354803097995991370227
1754.763369874252878074452210384840089252350785377180813943476520010730
1755.169694068142685182723626700789008280613073498182813354888520059848
1757.046518460723108432760770557648276246228044644811438414903351844469
1757.984077032818179991452682062328689136245349694615567787997685181657
1759.240085646681894957162857464721104691880520632153638421908473663058
1760.215166242762324185107829425424623351093152146664806524020745125085
1761.854899938728070380092238353882931243484771071060794172891653258806
1762.497688870660621630554227831490941640331757074309401496351662940971
1763.719121496287047263666529404765940848577412348704438756897178741020
1764.591476849091958354745758058374977926724859966817919833667746464103
1765.400493991783835727808901648160596168289498607542216994233229483071
1766.676243599477873545201071040934172243633921567386688928577207481440
1768.295971136341381198622175367241925825076626729320143536200011096557
1769.940952051635838334389232242837547116420564742652946309012548878821
1770.243677312197348192617139398423926490524031213771856684276677951318
1771.212944983546526725935301285096312958371888915789697917503283378354
1772.328000363591359307656169656249014105572782914397641333158040686377
1773.894915510703461811879518441565003879481666801143985074882641897224
1774.660430990023590107676949991893952053725707292784724584518247805344
1775.341987573747291026905672374229326829919047634639093425929566732407
1777.255860224057987062985496154596078649636966936950453143550637060936
1778.041734762249298116557873902672932231211062860549778123728137022796
1779.552270809178961606809314479700563785796770462149143013546917487850
1780.665228492998657232798024433108714365305743902848113660604200351190
1781.355637722819562971966505242379934388754408214379703344411655812218
1782.439067320020181451752013863025113380382669105756170805866552676916
1783.084829519946484711479716199453082021523516104888838263411121962148
1784.607946396612664868850457677263909568575545953674241894656021148231
1786.342201179342528821325829223838675860850480438846657993167438624380
1787.049273086816266390256603360992030575399011860406467175814429293082
1788.215123479632823247643094352080698117730199708132010422340798306323
1789.242179963684720140863510557929773052433864584816123774870218776916
1790.449562369783540465519493311860972410079419599293949685210851010777
1791.254409818795450149147778965426972270772654402016073854705078840144
1792.616102735198182735946277883541461630508828552784964480866889259472
1793.525390652409514822063232017474002020614707047565552037852436236874
1794.178482007255591198750742115816955231391466865971276367732108537503
1796.465140537430813751114255370848689246734190249513926602639698238131
1797.376335671136769855691075202032276075593917449112841426657064348682
1798.147067458075746926822763532138957940827491083606870088614708427602
1799.231647209737400400064614183887962059467152446153245401051175571945
1800.024724019739154568118227149593029299019245851742225245189428322846
1801.309636945287992131076646135275517195502039933605990199969071952742
1802.301283491450569858835963870588970940729813384582457241074289012562
1803.796843813365957725242922768040265980288037954762719010421964647787
1804.904160974812015447910250978191571637072090028354920014434270566523
1806.289667019497781635010974574644552999629118251369677692993317094560
1806.578391750963925581048890060139000423314815482449784353084480566098
1808.714431865474890356507883256483933162355990346213824391980999747485
1809.119273788287333095646767420431693305296631028790447705791180461356
1810.108892987985804546815042171061756573086403871055366345151714685795
1810.873719158854715653482648878151790026300376072058715380745235486776
1812.420077002105519026846573684033241377590739788912231934971241261030
1814.024140347615513423617195596424873431384652478827258844907986339935
1814.973082363495849025905559630621166789934824358070436964112880064376
1816.338611219674637287877667263658429557434834060206980653594530770318
1816.758023365350853184434864847423343215264430335681465536684152639664
1817.710608563342472647763608544837665716637037018691626071512871038326
1819.260334099488250564022225088024841040611519377945586722103455876027
1820.187882186811219183600836539523884718661106696116148025489450614949
1821.305708365203909060315673563419180005586032054701828393242457838782
1822.427671440302586928807853393257286002469637326401690485876501729035
1823.766265895773287956296196105726975574269234838564497356503118540795
1825.213676893013383353733071832547595503617088495489413924680261124523
1825.915683614928409365476644320093610940927938046921321556018307928111
1826.795455271492655557558673752989529487720384347417007086554139477603
1828.211270499973141933934054901567861376812920441888014155058545072563
1828.621091758031140727573015596956422391240200146433424039829454548108
1829.832529709939702045809013317588538206515030847913823803947050572760
1831.936379901815210814257718209881352435889396297497994213265300301957
1832.984940243731554247653810054289054318849638085689021244730056083164
1833.273239032730321520861053082318878350026464480456427927432633997781
1834.721559748608499026127262595890791936152443864073359369989957099064
1835.883754437692548567061628106079708382020529399432297555149411239565
1836.827672515957489640815383718141863798549471427622281206332180184868
1838.086943305644553436012807544018606092457517837634903334350831125334
1838.640288707650741070799644765415944151484435200568501243939014721931
1840.195563473357363106727497135850107790518558182919831404672780893066
1841.478582570643394257082226625257727550077539230849815107456521108293
1842.875955278667221445726715441556593134307694832708358518240281936114
1843.771057743069120456561056688080546831484937206727354004951197741445
1844.759043650095888927068812748606129070793065992201933338127045236894
1845.417534146424529184835945868227870393045322374543670207035326360914
1846.353253420516416602189404018829623411729224143372504833736450511102
1848.330980622383731433415372451588473653672101855212236079444539051147
1848.722760910890866404390834231775822389170490212349552320048817741825
1850.601184047651463659879441879380576118276518465524507650699734018236
1851.400361994589779203914370846894799334406155044928177465255648576984
1852.342204733386277236302511308118572240584817760346781117681109590326
1853.519342920989503777937861122281371332597845121966221352161165290054
1854.855632115986727770019344996704223128175596040178932928152345309232
1855.592934937055467317870717265256978834798898159279458014497243367798
1856.389179153523854467583731090395918490629205943017434749941059984745
1857.498074814880186030131745714289914799013623057690956658059459519821
1859.495271568794459978385044032811630672103146580789896954062028578368
1860.541388109336813481346766956689039854662331034059204827652826819374
1861.379671547232853462528349929398487726221168659075081294704993621956
1862.121464928944214881546901326468878303170406669136185796915774395334
1863.425464845096486006563125387465458191015588318079151304645886251219
1864.353981335746251375531280643564304282868096584881505508920093902141
1865.367433794057890105678290605768644032429619826492996045265281494088
1866.836547018608191339929457339916303272480919744785135920755597538257
1868.085190998609224366009378473812604479242274207565932153210621838501
1868.706745684408117519670849436345533083140687583307230132384848239014
1870.421471768310790151708991153511039486802752186454801727109501955925
1871.416043098407145326019776389535559148269783267461208008478310509988
1872.441566428192717588508826615756443170197539788747281866624641298078
1872.865667637967680009891916646273206340825501412962753715130216075066
1874.508361412660135338418593131626648667520954027965515299442840958214
1874.913774010039541468588008479603513099399244499326271190136203961267
1877.095064167339774612439616474807277536112714836860336738287888383843
1878.022251482753471098901814676872818557480309465249067587055755170405
1879.153303090461328571736814678245987287468137136803183697637200462095
1880.082325418994379763301187178662241247409956768248983059468123059313
1880.611766479656867414168145956247609852394972379657106577715307728566
1882.321974797384684057811890953611645194123569573695795135808278292762
1883.408724269518366030718165828979766596927765873573138511790088190762
1884.005778349667142356788438374532621017064363679171589308475966656391
1885.198075130258122876007111243636918200718120609306561149957391271347
1887.053894806890124232468481646961848594776113956279196860918244323668
1887.808841416832129527162474845802083469435023881646065268583737705609
1888.938182636579454999549850837161691937479446103650973163155435515941
1890.348128614244545597396400941378413950766129735801168036979413092271
1890.612128587933260930813629144681137173521548965726087865276901838860
1891.678510539728787851251100672011649797698640454864726206217027012142
1892.867701335791115341100170636513128101807045736755173583039541841902
1894.558537572429687187310840486622270985183622536573749038789718885612
1895.697155653584563296589495598942411295825922955166420720605698156441
1896.585494347168901175289023165789453322462706378101214842138571806957
1897.513692859711974093951382104971781038581664293048855582678285138492
1898.829372818679482109816063604437451984746410069222687675677007902553
1900.006144829143996610551644805282632579330913429417742395772431564210
1900.571884272414833831619413510176991928311650718473262437929998733738
1901.891305750600065080568056367221560931077094885510595297072546624127
1902.805059206680062983353913240417736808490307351836929263211669599942
1904.089325323351742088979185379814832903296596550139706374686487740161
1906.102756198181956502046629848151546478484213403836129141349732437749
1906.597678003766215393603923424934520610336962930556252759234030383764
1907.332780123909926346037141832213205833872886857489848076352685044744
1908.433063045051752229753467559628516829458469494287898800362457900084
1909.465930025982380253955996411446978326007843053938840867853599066706
1910.733659615891596477795008907490015613514815275939284469861830841587
1911.704690943172158628321554366963168872443255426980580259618043827403
1913.182489775883076813639879787644653265933260447118576379499433577652
1914.352300051674052677269457948515377502042695782035908399977848961669
1915.054629333347218570915841816335326295472634238308075664478448635570
1916.606371839519353790415037895058693221440347207949258462940814366477
1917.344704041566345522915353652737464609308973703055613939113282138080
1918.786498909856788986721342640733203371464255417829690049818224771228
1919.207778397805238263969528573261248929885117902035612056128005718033
1919.937457371217203896593615717157422078771648956964669812032866045792
1922.101625621993703442189010362862148092640079213821376182314942435154
1923.280837936417442057529685812649352387063524285855376721753370761095
1924.055831101440849519510024253688625639863513239628993255925612596145
1925.231987975406529411983363270905825208381722827723644701683467187375
1926.211583079894078458363284699349410936039214450104117132679290660396
1926.820092794871576744616647587901472099049382080497167125455038569519
1928.417518549519447858834224175221304292551513253987013571705836208507
1929.487560180576489987259139210441161888141684888926314956106299257749
1930.258387180387325797026531835539990137741589485528570750686359479862
1931.760069436524614011377929479970408411941016897480419619605861883421
1932.875754549946917778836750901735034282283508746667493228982001485229
1934.416436369151903416412919405961229198661808207161222832365752072970
1934.907943434365697510017570812525073362019833007378217375381814709983
1935.924848803745694844526895831419420921392101013464830125203629829647
1936.873093814278902386711102207589552781600607738230569663792739691918
1937.968633498019957719647716040296323712532835758818857911308507183727
1939.050029150544125716814473641659760612204748567701048386612937041152
1940.977326705859935993002316109026086915327982979816380296015450784957
1941.822862215780232950892794668803897490804990417863696003897877726310
1942.633568692246150914572719980172839805476970529411566863125634112374
1943.367947449252749107006732747903654708906883441624594428784518709274
1945.153796306367959584251285185879501726206306557582979720994871396767
1945.922716949483327186312954192080578289265182843118665373755332069130
1946.609945361877410311279880846772961098796017976495496165603969043461
1947.917047737703604079913565604767402381067764931669279877658936590056
1949.030030073606550736929821592023715558039203438603132055345851213692
1950.743201552863158598429692622261725908513412459098816031115373443652
1951.536695873054910398384882565612102158628332073076555159315228821108
1952.850129211865753276119948464978113657826388511850431412281800092388
1953.448556325135770052820725556875525105027106864826121032606864135649
1954.418588175214116790112211494103139012937120499888203812918479339611
1955.315809283718388686037137053557914535767322207101252333939378324523
1956.848164578215508554636602269454419186817973638383248551329598810006
1958.314403555120358564964894292547726625044356159427385137989850975053
1958.851883463194813846470426606853579640557761434286876534392114726982
1960.418845269381796764848125217278994247137378526007089843186562036872
1961.359277880014379508300189038765374755431908708054307770945176454318
1962.233571848579798072580395354608789443787816036531253134267598610328
1963.621184573202069079435794086897654358763571217367411206308227568856
1964.357390938095597209784243819103421637549145593718625718957187266377
1965.377829505103857030394317950518157898622478717289163090967458691746
1966.117658574074526474160767348808214092657653604215952532749081459526
1968.471602019420441852810622522661993808192902598925716470648633194005
1969.047617546527828615054755165918580896511321175492211646090914000144
1970.305009517033761407286229164446672363092692029866849341103464946485
1970.855547579945944308915005670342667237376495119189264760901837620581
1971.970312804811386640254919020328234323308088011933164933487210854635
1973.182663405938679691731041872908348646984800431244660102667031765255
1974.347201910120085258704640448224586828619971541215517005539514861875
1975.080610302266993556027659551293514649731728242762114686032892488022
1977.173943698039879018376684178592686974291728587914432123089791366487
1977.271446199746510741696631509750061052206582631991722346523076870248
1978.801448167731529631538650882264689877103962163287419128464442820107
1980.371772287051336927130119231242544660908963775204985730758831047291
1980.910043091024233255044380729759944751091180193406345336861598541156
1981.748768897263483740319955004246723476639948070799769857207312831835
1982.663279195276514024133931099996863228672938399005443653975082537140
1983.923804622260659671098318105246982443790461100987525126037021615937
1985.416540174526740221855570530215958332912785583648617186451278315388
1986.757107716415197970684357212168230639801241623206588402102538532976
1987.873473360724317378890267527527802144032237970461102811164676041466
1988.251876807355766020764750425298658818407162236831302706803297655014
1989.702002708021618926462623214960196229560915796436348082273350292037
1990.478352526426991646736489168718676993668863760731275045380553583010
1992.001706393527902715477356686758682450300267640053146028497443384431
1992.784987875157572781736552090644420498063958497503494994481542106584
1993.577493138259984639429090254358488141817126946631471137202301379199
1995.168739611888537748106731010099342629326634853986257857508510273985
1996.796176966188206905323362132667153959268670061685941027854980631657
1997.390914059611449311914752879605815057403224362149781245041241167926
1998.279006925984822422162111328350429448677736858821350015466275946957
1999.545764176267588903843297223306908367160272110933665178147802949023
2000.434515302432246776894336470632787481033546605095877221555333961435
2000.929620689184555144098125939348718451274777884846576561318400720255
2002.896408374361740688187683001182254806848786545875858451927745055188
2004.139669233270134958655819432666772215256087402748517106282806480442
2005.077848124098759130623273310167378355212503739548555367661910202059
2005.900934885785710899243467187119232630988162192254064941934538663414
2007.125180170301125895340903776932511955343836084781491692397103150973
2008.418240330262271679373576344757445032507699315378122281803967771741
2009.176634122949589834428979250114904928942789271822834321837387753636
2010.153324767559326408443163309150026596415379479123866576349625482709
2011.020705073650057571084116720376363348049036498833492025473500297685
2012.538935477421745332358319140557312492618971448042195764758514886707
2013.872097713990826264798870758106568595438784689667757730931226060864
2015.186728608706282909592180127843516895404665846551826383543254879850
2016.029638032375393523384100246828213154355366323280798263829028464148
2016.800075655845732537992644232404274382452520098798242096099186237063
2017.386767251961558011384640063906297185305018936861655550396940861563
2019.264600216064099761394157098568768431364313668014303012570521601747
2019.884367139755293053501542553557442592666541815783205600747837730418
2021.196042768892788024379583703123330302127585299181883847376775026130
2022.545617684688266029969869109529226426472489227998710913231386843853
2023.572911777100747848271680228826902664777756206712097739834089808495
2024.488262157951250297378692493008357276821545478659977568909844786622
2025.878906202481560989771900625528379451956215753964462184642041894813
2026.738258912152097653909174761646807829530551161643303153102146849047
2027.573317055997542412336868029148077286547410435216213940421734959030
2028.582459354039951631889667915362226965892437843947967150626383068756
2029.385479550966647379168452946214865580692021873507496536306268393224
2031.750550690618736964454253044167765944548187534740809456511686511565
2032.420780856286430224698594916535691015576621389683137299932545139332
2033.017892745669815810169571210260890487263509645042271240727838808385
2034.554828788956165086574179418448317136463639659942422031638978555409
2035.077440096304077976093505499340518304097672664709806938343677923599
2036.527526483370326716540930765671731725372920593346522961942977809494
2037.217111094340891563124566887878220625495389238688786473689168398710
2038.841738250867750155856596248117371922559228088901769504726246977651
2039.443218740104451849519992011190358961425508667130551484926071665416
2040.839119673138223887824762954636457379039558529402476758959349352683
2042.344586250604208897862195635716464327327160187066542888226149359771
2043.217116563323964478921317344594299391967771174965118588623739521267
2044.121593291667495425138586148473034453064020109512299616070006484299
2045.037320859814820925431350519043853803938658464754524957913953633947
2045.802760431561935428444533622016674503318224535310476064260463040117
2047.098336345607132274609246752835491946081712990604438644916931545007
2048.454094066161112393306103985863216817850408202226700771938371699305
2049.847525605716069264195000998762818825315569347451786035034787741228
2050.906055384684548381376989299882746219001432785581416251632494815533
2051.718388196256319161919762452601290921191894185781492809220106564607
2052.407790192401017867405252197612122972172125369277575943701712760911
2054.059916898485734258428446952024124635728386338607670107772602525711
2055.180267326166661282723417582114065857641181862495090203092410719564
2055.572602899048872178760211323751140891913510080979012321697583194933
2056.620866689893779289874551512476260600929787411709464205416686851262
2058.450651118906136128173580181712024800647719079143203432369653196884
2059.448021743771458966604380390408206556769361248192552943054692156887
2060.868247208107968375762557886823515974544202995550403811106977823296
2061.367059202031889720619401923971724990243306432790883689199178498906
2062.572650919978394091831868150401014981181342506465597089082155384533
2063.283559498380763148583800120939066843825353816409566357343131310691
2064.304867699634148083154937533548013628316013466837873835597854173574
2065.832672281911464707683243415499630062057321779868495148411609011732
2066.985229377985287351231628783625586540507514208012342292075054773861
2068.345638527370094715794203226353679949782622197662048541862963798210
2068.669941082812694161775897224382218832718471558373095642094070967637
2070.504717593445975155110773128584152397750514730717082061740341871362
2071.377083169758596449908974756804086843936204212959751631156820571420
2071.990454814760787099573069870793373101722437251996956361823995257426
2073.397603715768406627215893291802857389829923252509298004895398128682
2074.171064902152487264222440207273888557087764228360562154660301736257
2075.028065544832156633203400373733340278989866248124178457478699104295
2077.117570136877207022002059087188859278088337189847623510296851581916
2078.155484639214284075548204827848229833230718284916918288094282641193
2078.939288114876902368812185116901792984402112562378357349440028172034
2079.567628461893227357227005033844086044150843568907347907261828342161
2080.910343457561287922134180601546243504739422868165825550940149034032
2081.799686563577146136113479384162067817542459285960247811685488689868
2083.300276858827975710837822888686576179581473870038188335882693532512
2083.779992550167397584364966273781369938545104956200239409162493109741
2085.389813692285986675591125729436643534618919621798289057768945076538
2086.580318534381421521997952209599486523013595014862909044592329557978
2087.473340987858016348050095007463821829450401720437794785518150560226
2088.712281198732581189418399280517307739472544893727567415153888503908
2090.036206757016941573504198139322524345359390199685439791469370960412
2090.447550027415866938227018439523540219751447125426762227694768936768
2091.221580661131263636869492328944977657787372076949735325388481425095
2092.473218110071891742317606002815934858972674017568547616710015262008
2094.335917468631955154829188155066784845765721834306102504360993396819
2095.138256660294823669283339923063356522589869147281304499580124193017
2096.346529979252588528502926451470703862178557913801905238278752088208
2097.371606357192894539270650893781980655342419210885802608717532831201
2097.951922199887039635414732147538560457530476465460935092012388323546
2099.311651265061347463510065155433260461490626272522636394727847087999
2100.593745236861240663834094781969856670961761117652366458157787000041
2101.135489459108414918273086115787916945122918035752851772956752199186
2102.535100215297700958108874301572410112142129073453601905899967871839
2103.390454808714039348514756303757269051295770197348779156231535860576
2105.372206591799897773388795277200127254549768601742466291489522232749
2105.994704339286241676884018752805413174157889717086301591800376755819
2107.172362432443341469705391160205434343229417668635842849241186135501
2107.617911407514327794275690324692568704352619651367633227220737673650
2108.938384889015335597987949055531508782274593406804417550173479492566
2109.963143181267582022437985312667220959544773123283522886444701763242
2110.822371848131822017465608848249584586868272612250199383441806440292
2112.907087523190777713859148301488676526660670170284205936444108480294
2113.483966448430801284967930066230286879428117016699088956820803161811
2114.396137325889992385977941363427767641775589607102655912974073046093
2115.506602794684114453519933055798583243266100084090963106817202023483
2116.900056068394727573853860466971018511552805668188989270637186390699
2117.722399441362978078897660112741528376661433896395653130309934548251
2118.618646217029262713151929086853032276558565521164587160632272450562
2119.456428468939276684167706879913763592428976046534653420645360459163
2120.691562591843950542791599350842106254712789015925201419617947145461
2122.465151174928362415617356601537243991322426532682540533414842613758
2123.344042303462499324835279657827526765325319848301888299998865984547
2124.370368737568878200365557309701292877690890644722639839213420675887
2125.512400029151939221741182323479431834777982863090861709594154651645
2125.958784840373305395253949905054478415250442880452781155950691118430
2126.975711192557988962679723240849820720392798056653211269244206334783
2128.752290554262836645244594287578447229508461337265225802243791724384
2129.406080228328442997538795108848483780491099849100390002937848646705
2130.555102283235916685014803215449042764339804045432997160381625518782
2132.080620992942643171180819569400482619079695569628463964308511174467
2132.798516467884154644985003859766018214483540000526654772464282115505
2134.154933985037924172455068015677722028455926956183115423288950914796
2134.950772504315672128920032673264177822449217497785512462734243114719
2136.086897524703213711696959529391017774095043048525094517767613348678
2136.967470548471870359072926711494655416007438444085212323719430174447
2137.509940525910913575812678661303945706658367085569102326102210200780
2139.380759985201107577489734980224580806442736090851887341429777234712
2140.949362639097040588205166832263219780146259173474058465611353287485
2141.710035960389950354974842460641630317882766142869991852913389125997
2142.355043196035385267586996583114608334912375050372319799343484000755
2143.374444180537885595292350533793862494774656622988699334107908928329
2144.895337431360428693314713800282926293556065230305988625302600230221
2145.505753734180824039627219699287084080365723877852494764642696781292
2146.625894475511517827017017325557490996716391763979095891280505910542
2147.785367345630833855220487872845357311153995850953523238044818109442
2149.151849382889221886289067611311545558380544492191137964069677424054
2149.910639858102119005478010319264098503211254444155519012012767579985
2151.776885116465025947985793995568461880516928132693550053482961311044
2152.390226596919655112432865619938686282251352717051156847099969161350
2153.011964165386528639099432774229443543371574552368627015725205738494
2154.263623952320336028675074645649035028920594572667660150673798775001
2154.935345848225473123273304599632966629819205192514878946119691526879
2156.394727255681689229442680924135436480379178317869290513947648572403
2157.856489565353127032111314721787440137430167085279761700494278171121
2158.878072291083204488174191777762801839212565227982322887800732363765
2159.902286017170492481155024747337305578365742640876408162399278756960
2160.853062328184191260621562657152970981474195567682723795650357241162
2161.692172189209531650796080360405288805699428527408208858344842925007
2163.107122285732380342668448284930066258294525133916831993752566270370
2164.049720356357350273506009948591100075551580555151508635221555951378
2165.011437174314295775248101111436814550964448331773379653752591464937
2165.503949023375744210702305925143752659638526674864488531731683165376
2167.693444254746848034185578664774372134254692669195339079537342288819
2168.890615851853982383041364338346972510226127001395956398924851327827
2169.263829283364955071557241377834150094936761899579324254704097964125
2170.787074973015736611502974586889282029471418469866097157442847864587
2171.396361926494691625652739378250076393009289782044900309037588829620
2172.250962827516326407028845738598919031915291206182220359892738280790
2173.528296969316612154216666292423531206102292598911342194836023607573
2174.745020803476645526704779777291659456811622466885691199875370166199
2176.204119466215638373482619760607322382335340792549341637221109356947
2176.939451698977405984224536227008672300039702638038744186987228028998
2178.004209154761124386594338247036087433756492997659535774671326051990
2179.232185029747187483630871710578396846303628635146066250493091258930
2180.495318259278780744339887778891391800705541679330098281555729069110
2181.252367010681768361235447211994302262859277642939189880048943595877
2181.725783029819561812588327358281254910734314790048377001384262567511
2183.330584017279937627069763517219685654323269655580344123523009302930
2184.103190760680534924828556912124035653145472983938672657253380119484
2185.965528320683109004492938077377687114366270974288216124511142345010
2187.085690959372521088575430805230281852370109416942370842668599871697
2187.798455877827899041430967982627571820902936676469661598189549760331
2188.558763203088543232259963312242975824842592818676715641254244067866
2189.497072902605391629206738249849124288987662994524778069852196344098
2191.093363045749275649660771102727485924173156095287934796111276908446
2191.778017400507988688862890805986142455516011877781456974654697884330
2192.826770539861208746918387240137256844878517309894167465318414739092
2194.231530050449700562117761392742598929139515675409104994680741832686
2195.231687681255784973870062437113363337466610577577201602297099565294
2196.715977666758543540944518224404864702330529292564519705661592501268
2197.258747040205904491145550934801427764401705623499994244112139836936
